
> @balajik-cmyk/aero-ds@1.1.0 build-storybook
> storybook build --output-dir=/private/var/folders/sv/t9qj9z797zv8rvjlh9gqk9140000gn/T/chromatic--75568-XNOCkeUamr2b

[1m@storybook/core v8.6.18
[22m
info => Cleaning outputDir: [36m../../../../../private/var/folders/sv/t9qj9z797zv8rvjlh9gqk9140000gn/T/chromatic--75568-XNOCkeUamr2b[39m
info => Loading presets
info => Building manager..
WARN unable to find package.json for @mui/icons-material
info => Manager built ([38;2;181;126;229m137 ms[39m)
info => Building preview..
info Using tsconfig paths for react-docgen
[36mvite v6.3.5 [32mbuilding for production...[36m[39m
transforming...
[32m✓[39m 9227 modules transformed.
rendering chunks...
computing gzip size...
[2m../../../../../private/var/folders/sv/t9qj9z797zv8rvjlh9gqk9140000gn/T/chromatic--75568-XNOCkeUamr2b/[22m[32miframe.html                                              [39m[1m[2m   17.75 kB[22m[1m[22m[2m │ gzip:     5.00 kB[22m
[2m../../../../../private/var/folders/sv/t9qj9z797zv8rvjlh9gqk9140000gn/T/chromatic--75568-XNOCkeUamr2b/[22m[2massets/[22m[35mtokens-DM0GUazY.css                               [39m[1m[2m    0.84 kB[22m[1m[22m[2m │ gzip:     0.34 kB[22m
[2m../../../../../private/var/folders/sv/t9qj9z797zv8rvjlh9gqk9140000gn/T/chromatic--75568-XNOCkeUamr2b/[22m[2massets/[22m[35mpreview-D6R6ynii.css                              [39m[1m[2m  309.31 kB[22m[1m[22m[2m │ gzip:    52.65 kB[22m
[2m../../../../../private/var/folders/sv/t9qj9z797zv8rvjlh9gqk9140000gn/T/chromatic--75568-XNOCkeUamr2b/[22m[2massets/[22m[36ml1StripIconTokens-C_dVmfi0.js                     [39m[1m[2m    0.04 kB[22m[1m[22m[2m │ gzip:     0.06 kB[22m
[2m../../../../../private/var/folders/sv/t9qj9z797zv8rvjlh9gqk9140000gn/T/chromatic--75568-XNOCkeUamr2b/[22m[2massets/[22m[36mindex-BdQq_4o_.js                                 [39m[1m[2m    0.06 kB[22m[1m[22m[2m │ gzip:     0.08 kB[22m
[2m../../../../../private/var/folders/sv/t9qj9z797zv8rvjlh9gqk9140000gn/T/chromatic--75568-XNOCkeUamr2b/[22m[2massets/[22m[36mmynaChatChrome-DMrXXKtg.js                        [39m[1m[2m    0.07 kB[22m[1m[22m[2m │ gzip:     0.08 kB[22m
[2m../../../../../private/var/folders/sv/t9qj9z797zv8rvjlh9gqk9140000gn/T/chromatic--75568-XNOCkeUamr2b/[22m[2massets/[22m[36mtiny-invariant-CopsF_GD.js                        [39m[1m[2m    0.08 kB[22m[1m[22m[2m │ gzip:     0.10 kB[22m
[2m../../../../../private/var/folders/sv/t9qj9z797zv8rvjlh9gqk9140000gn/T/chromatic--75568-XNOCkeUamr2b/[22m[2massets/[22m[36mevents-C3pO1WPP.js                                [39m[1m[2m    0.09 kB[22m[1m[22m[2m │ gzip:     0.09 kB[22m
[2m../../../../../private/var/folders/sv/t9qj9z797zv8rvjlh9gqk9140000gn/T/chromatic--75568-XNOCkeUamr2b/[22m[2massets/[22m[36mutils-DG_QnriQ.js                                 [39m[1m[2m    0.09 kB[22m[1m[22m[2m │ gzip:     0.11 kB[22m
[2m../../../../../private/var/folders/sv/t9qj9z797zv8rvjlh9gqk9140000gn/T/chromatic--75568-XNOCkeUamr2b/[22m[2massets/[22m[36mutils-C19ww-yS.js                                 [39m[1m[2m    0.09 kB[22m[1m[22m[2m │ gzip:     0.11 kB[22m
[2m../../../../../private/var/folders/sv/t9qj9z797zv8rvjlh9gqk9140000gn/T/chromatic--75568-XNOCkeUamr2b/[22m[2massets/[22m[36mindex-DnC2vafp.js                                 [39m[1m[2m    0.13 kB[22m[1m[22m[2m │ gzip:     0.13 kB[22m
[2m../../../../../private/var/folders/sv/t9qj9z797zv8rvjlh9gqk9140000gn/T/chromatic--75568-XNOCkeUamr2b/[22m[2massets/[22m[36mindex-6xYbnum0.js                                 [39m[1m[2m    0.13 kB[22m[1m[22m[2m │ gzip:     0.12 kB[22m
[2m../../../../../private/var/folders/sv/t9qj9z797zv8rvjlh9gqk9140000gn/T/chromatic--75568-XNOCkeUamr2b/[22m[2massets/[22m[36mindex-DW48STyt.js                                 [39m[1m[2m    0.16 kB[22m[1m[22m[2m │ gzip:     0.14 kB[22m
[2m../../../../../private/var/folders/sv/t9qj9z797zv8rvjlh9gqk9140000gn/T/chromatic--75568-XNOCkeUamr2b/[22m[2massets/[22m[36mpreview-Dxjjt21V.js                               [39m[1m[2m    0.16 kB[22m[1m[22m[2m │ gzip:     0.16 kB[22m
[2m../../../../../private/var/folders/sv/t9qj9z797zv8rvjlh9gqk9140000gn/T/chromatic--75568-XNOCkeUamr2b/[22m[2massets/[22m[36mappShellClasses-I_Dz3RYt.js                       [39m[1m[2m    0.17 kB[22m[1m[22m[2m │ gzip:     0.16 kB[22m
[2m../../../../../private/var/folders/sv/t9qj9z797zv8rvjlh9gqk9140000gn/T/chromatic--75568-XNOCkeUamr2b/[22m[2massets/[22m[36mindex-CKhrQlqu.js                                 [39m[1m[2m    0.18 kB[22m[1m[22m[2m │ gzip:     0.16 kB[22m
[2m../../../../../private/var/folders/sv/t9qj9z797zv8rvjlh9gqk9140000gn/T/chromatic--75568-XNOCkeUamr2b/[22m[2massets/[22m[36mpreview-CvbIS5ZJ.js                               [39m[1m[2m    0.18 kB[22m[1m[22m[2m │ gzip:     0.16 kB[22m
[2m../../../../../private/var/folders/sv/t9qj9z797zv8rvjlh9gqk9140000gn/T/chromatic--75568-XNOCkeUamr2b/[22m[2massets/[22m[36mindex-w-R8y4gP.js                                 [39m[1m[2m    0.21 kB[22m[1m[22m[2m │ gzip:     0.18 kB[22m
[2m../../../../../private/var/folders/sv/t9qj9z797zv8rvjlh9gqk9140000gn/T/chromatic--75568-XNOCkeUamr2b/[22m[2massets/[22m[36mindex-BR6EkTjp.js                                 [39m[1m[2m    0.23 kB[22m[1m[22m[2m │ gzip:     0.20 kB[22m
[2m../../../../../private/var/folders/sv/t9qj9z797zv8rvjlh9gqk9140000gn/T/chromatic--75568-XNOCkeUamr2b/[22m[2massets/[22m[36mindex-C1xbsqtW.js                                 [39m[1m[2m    0.23 kB[22m[1m[22m[2m │ gzip:     0.17 kB[22m
[2m../../../../../private/var/folders/sv/t9qj9z797zv8rvjlh9gqk9140000gn/T/chromatic--75568-XNOCkeUamr2b/[22m[2massets/[22m[36mminus-i59QV1CU.js                                 [39m[1m[2m    0.30 kB[22m[1m[22m[2m │ gzip:     0.25 kB[22m
[2m../../../../../private/var/folders/sv/t9qj9z797zv8rvjlh9gqk9140000gn/T/chromatic--75568-XNOCkeUamr2b/[22m[2massets/[22m[36mcheck-BCMMnhDh.js                                 [39m[1m[2m    0.30 kB[22m[1m[22m[2m │ gzip:     0.25 kB[22m
[2m../../../../../private/var/folders/sv/t9qj9z797zv8rvjlh9gqk9140000gn/T/chromatic--75568-XNOCkeUamr2b/[22m[2massets/[22m[36mcircle-CZ0qPRsg.js                                [39m[1m[2m    0.31 kB[22m[1m[22m[2m │ gzip:     0.24 kB[22m
[2m../../../../../private/var/folders/sv/t9qj9z797zv8rvjlh9gqk9140000gn/T/chromatic--75568-XNOCkeUamr2b/[22m[2massets/[22m[36mchevron-down-LLww1vP-.js                          [39m[1m[2m    0.31 kB[22m[1m[22m[2m │ gzip:     0.25 kB[22m
[2m../../../../../private/var/folders/sv/t9qj9z797zv8rvjlh9gqk9140000gn/T/chromatic--75568-XNOCkeUamr2b/[22m[2massets/[22m[36mchevron-up-BAPIRTl5.js                            [39m[1m[2m    0.31 kB[22m[1m[22m[2m │ gzip:     0.25 kB[22m
[2m../../../../../private/var/folders/sv/t9qj9z797zv8rvjlh9gqk9140000gn/T/chromatic--75568-XNOCkeUamr2b/[22m[2massets/[22m[36mchevron-left-BLO8RF03.js                          [39m[1m[2m    0.31 kB[22m[1m[22m[2m │ gzip:     0.25 kB[22m
[2m../../../../../private/var/folders/sv/t9qj9z797zv8rvjlh9gqk9140000gn/T/chromatic--75568-XNOCkeUamr2b/[22m[2massets/[22m[36mchevron-right-5SiIp5M4.js                         [39m[1m[2m    0.31 kB[22m[1m[22m[2m │ gzip:     0.25 kB[22m
[2m../../../../../private/var/folders/sv/t9qj9z797zv8rvjlh9gqk9140000gn/T/chromatic--75568-XNOCkeUamr2b/[22m[2massets/[22m[36mplay-BVJN61r4.js                                  [39m[1m[2m    0.32 kB[22m[1m[22m[2m │ gzip:     0.26 kB[22m
[2m../../../../../private/var/folders/sv/t9qj9z797zv8rvjlh9gqk9140000gn/T/chromatic--75568-XNOCkeUamr2b/[22m[2massets/[22m[36mloader-circle-DRbcDjWn.js                         [39m[1m[2m    0.32 kB[22m[1m[22m[2m │ gzip:     0.26 kB[22m
[2m../../../../../private/var/folders/sv/t9qj9z797zv8rvjlh9gqk9140000gn/T/chromatic--75568-XNOCkeUamr2b/[22m[2massets/[22m[36msquare-BFC2bnYN.js                                [39m[1m[2m    0.33 kB[22m[1m[22m[2m │ gzip:     0.26 kB[22m
[2m../../../../../private/var/folders/sv/t9qj9z797zv8rvjlh9gqk9140000gn/T/chromatic--75568-XNOCkeUamr2b/[22m[2massets/[22m[36mplus-BkYF2yZc.js                                  [39m[1m[2m    0.34 kB[22m[1m[22m[2m │ gzip:     0.26 kB[22m
[2m../../../../../private/var/folders/sv/t9qj9z797zv8rvjlh9gqk9140000gn/T/chromatic--75568-XNOCkeUamr2b/[22m[2massets/[22m[36mx-CpWIjIFL.js                                     [39m[1m[2m    0.34 kB[22m[1m[22m[2m │ gzip:     0.26 kB[22m
[2m../../../../../private/var/folders/sv/t9qj9z797zv8rvjlh9gqk9140000gn/T/chromatic--75568-XNOCkeUamr2b/[22m[2massets/[22m[36marrow-up-BEPg5fBg.js                              [39m[1m[2m    0.35 kB[22m[1m[22m[2m │ gzip:     0.27 kB[22m
[2m../../../../../private/var/folders/sv/t9qj9z797zv8rvjlh9gqk9140000gn/T/chromatic--75568-XNOCkeUamr2b/[22m[2massets/[22m[36marrow-right-DLNpjtjS.js                           [39m[1m[2m    0.35 kB[22m[1m[22m[2m │ gzip:     0.27 kB[22m
[2m../../../../../private/var/folders/sv/t9qj9z797zv8rvjlh9gqk9140000gn/T/chromatic--75568-XNOCkeUamr2b/[22m[2massets/[22m[36marrow-down-DTUDqv2B.js                            [39m[1m[2m    0.35 kB[22m[1m[22m[2m │ gzip:     0.27 kB[22m
[2m../../../../../private/var/folders/sv/t9qj9z797zv8rvjlh9gqk9140000gn/T/chromatic--75568-XNOCkeUamr2b/[22m[2massets/[22m[36marrow-left-nftRY_UG.js                            [39m[1m[2m    0.35 kB[22m[1m[22m[2m │ gzip:     0.27 kB[22m
[2m../../../../../private/var/folders/sv/t9qj9z797zv8rvjlh9gqk9140000gn/T/chromatic--75568-XNOCkeUamr2b/[22m[2massets/[22m[36msearch-oYfDC5gC.js                                [39m[1m[2m    0.35 kB[22m[1m[22m[2m │ gzip:     0.28 kB[22m
[2m../../../../../private/var/folders/sv/t9qj9z797zv8rvjlh9gqk9140000gn/T/chromatic--75568-XNOCkeUamr2b/[22m[2massets/[22m[36mcircle-check-qWMnj8MN.js                          [39m[1m[2m    0.36 kB[22m[1m[22m[2m │ gzip:     0.28 kB[22m
[2m../../../../../private/var/folders/sv/t9qj9z797zv8rvjlh9gqk9140000gn/T/chromatic--75568-XNOCkeUamr2b/[22m[2massets/[22m[36mclock-DN58M-u9.js                                 [39m[1m[2m    0.36 kB[22m[1m[22m[2m │ gzip:     0.28 kB[22m
[2m../../../../../private/var/folders/sv/t9qj9z797zv8rvjlh9gqk9140000gn/T/chromatic--75568-XNOCkeUamr2b/[22m[2massets/[22m[36mmessage-square-D_kJu8u9.js                        [39m[1m[2m    0.36 kB[22m[1m[22m[2m │ gzip:     0.28 kB[22m
[2m../../../../../private/var/folders/sv/t9qj9z797zv8rvjlh9gqk9140000gn/T/chromatic--75568-XNOCkeUamr2b/[22m[2massets/[22m[36muser--WHOn1Aw.js                                  [39m[1m[2m    0.38 kB[22m[1m[22m[2m │ gzip:     0.29 kB[22m
[2m../../../../../private/var/folders/sv/t9qj9z797zv8rvjlh9gqk9140000gn/T/chromatic--75568-XNOCkeUamr2b/[22m[2massets/[22m[36malign-left-ChAkXGrr.js                            [39m[1m[2m    0.38 kB[22m[1m[22m[2m │ gzip:     0.28 kB[22m
[2m../../../../../private/var/folders/sv/t9qj9z797zv8rvjlh9gqk9140000gn/T/chromatic--75568-XNOCkeUamr2b/[22m[2massets/[22m[36msmartphone-jikF0dy3.js                            [39m[1m[2m    0.38 kB[22m[1m[22m[2m │ gzip:     0.29 kB[22m
[2m../../../../../private/var/folders/sv/t9qj9z797zv8rvjlh9gqk9140000gn/T/chromatic--75568-XNOCkeUamr2b/[22m[2massets/[22m[36minfo-ubIv_3W_.js                                  [39m[1m[2m    0.38 kB[22m[1m[22m[2m │ gzip:     0.29 kB[22m
[2m../../../../../private/var/folders/sv/t9qj9z797zv8rvjlh9gqk9140000gn/T/chromatic--75568-XNOCkeUamr2b/[22m[2massets/[22m[36mrotate-ccw-CQvAbeky.js                            [39m[1m[2m    0.38 kB[22m[1m[22m[2m │ gzip:     0.29 kB[22m
[2m../../../../../private/var/folders/sv/t9qj9z797zv8rvjlh9gqk9140000gn/T/chromatic--75568-XNOCkeUamr2b/[22m[2massets/[22m[36mcircle-x-DPam0K0r.js                              [39m[1m[2m    0.39 kB[22m[1m[22m[2m │ gzip:     0.29 kB[22m
[2m../../../../../private/var/folders/sv/t9qj9z797zv8rvjlh9gqk9140000gn/T/chromatic--75568-XNOCkeUamr2b/[22m[2massets/[22m[36mtrending-up-DEIzvCtj.js                           [39m[1m[2m    0.39 kB[22m[1m[22m[2m │ gzip:     0.29 kB[22m
[2m../../../../../private/var/folders/sv/t9qj9z797zv8rvjlh9gqk9140000gn/T/chromatic--75568-XNOCkeUamr2b/[22m[2massets/[22m[36mmail-ETbtl3Bl.js                                  [39m[1m[2m    0.39 kB[22m[1m[22m[2m │ gzip:     0.31 kB[22m
[2m../../../../../private/var/folders/sv/t9qj9z797zv8rvjlh9gqk9140000gn/T/chromatic--75568-XNOCkeUamr2b/[22m[2massets/[22m[36mpause-BO72C6XY.js                                 [39m[1m[2m    0.40 kB[22m[1m[22m[2m │ gzip:     0.28 kB[22m
[2m../../../../../private/var/folders/sv/t9qj9z797zv8rvjlh9gqk9140000gn/T/chromatic--75568-XNOCkeUamr2b/[22m[2massets/[22m[36mellipsis-CVHFjUFm.js                              [39m[1m[2m    0.41 kB[22m[1m[22m[2m │ gzip:     0.27 kB[22m
[2m../../../../../private/var/folders/sv/t9qj9z797zv8rvjlh9gqk9140000gn/T/chromatic--75568-XNOCkeUamr2b/[22m[2massets/[22m[36mindex-DCNVj5v0.js                                 [39m[1m[2m    0.41 kB[22m[1m[22m[2m │ gzip:     0.31 kB[22m
[2m../../../../../private/var/folders/sv/t9qj9z797zv8rvjlh9gqk9140000gn/T/chromatic--75568-XNOCkeUamr2b/[22m[2massets/[22m[36mellipsis-vertical-BFofuLE1.js                     [39m[1m[2m    0.41 kB[22m[1m[22m[2m │ gzip:     0.28 kB[22m
[2m../../../../../private/var/folders/sv/t9qj9z797zv8rvjlh9gqk9140000gn/T/chromatic--75568-XNOCkeUamr2b/[22m[2massets/[22m[36mcopy-DnnJZ4aa.js                                  [39m[1m[2m    0.42 kB[22m[1m[22m[2m │ gzip:     0.32 kB[22m
[2m../../../../../private/var/folders/sv/t9qj9z797zv8rvjlh9gqk9140000gn/T/chromatic--75568-XNOCkeUamr2b/[22m[2massets/[22m[36mglobe-BqtaWj5e.js                                 [39m[1m[2m    0.42 kB[22m[1m[22m[2m │ gzip:     0.30 kB[22m
[2m../../../../../private/var/folders/sv/t9qj9z797zv8rvjlh9gqk9140000gn/T/chromatic--75568-XNOCkeUamr2b/[22m[2massets/[22m[36mhistory-fovZF5hB.js                               [39m[1m[2m    0.42 kB[22m[1m[22m[2m │ gzip:     0.31 kB[22m
[2m../../../../../private/var/folders/sv/t9qj9z797zv8rvjlh9gqk9140000gn/T/chromatic--75568-XNOCkeUamr2b/[22m[2massets/[22m[36mtrash-B12RGAiK.js                                 [39m[1m[2m    0.42 kB[22m[1m[22m[2m │ gzip:     0.31 kB[22m
[2m../../../../../private/var/folders/sv/t9qj9z797zv8rvjlh9gqk9140000gn/T/chromatic--75568-XNOCkeUamr2b/[22m[2massets/[22m[36mlink-2-oioc8Q2N.js                                [39m[1m[2m    0.43 kB[22m[1m[22m[2m │ gzip:     0.31 kB[22m
[2m../../../../../private/var/folders/sv/t9qj9z797zv8rvjlh9gqk9140000gn/T/chromatic--75568-XNOCkeUamr2b/[22m[2massets/[22m[36marrow-up-down-Cdub08j2.js                         [39m[1m[2m    0.43 kB[22m[1m[22m[2m │ gzip:     0.30 kB[22m
[2m../../../../../private/var/folders/sv/t9qj9z797zv8rvjlh9gqk9140000gn/T/chromatic--75568-XNOCkeUamr2b/[22m[2massets/[22m[36mcircle-alert-Zk4GDVS6.js                          [39m[1m[2m    0.43 kB[22m[1m[22m[2m │ gzip:     0.30 kB[22m
[2m../../../../../private/var/folders/sv/t9qj9z797zv8rvjlh9gqk9140000gn/T/chromatic--75568-XNOCkeUamr2b/[22m[2massets/[22m[36meye-ASIh72ss.js                                   [39m[1m[2m    0.44 kB[22m[1m[22m[2m │ gzip:     0.31 kB[22m
[2m../../../../../private/var/folders/sv/t9qj9z797zv8rvjlh9gqk9140000gn/T/chromatic--75568-XNOCkeUamr2b/[22m[2massets/[22m[36mexternal-link-BGZGUTuD.js                         [39m[1m[2m    0.44 kB[22m[1m[22m[2m │ gzip:     0.31 kB[22m
[2m../../../../../private/var/folders/sv/t9qj9z797zv8rvjlh9gqk9140000gn/T/chromatic--75568-XNOCkeUamr2b/[22m[2massets/[22m[36mfunnel-Bi9a5G6j.js                                [39m[1m[2m    0.44 kB[22m[1m[22m[2m │ gzip:     0.32 kB[22m
[2m../../../../../private/var/folders/sv/t9qj9z797zv8rvjlh9gqk9140000gn/T/chromatic--75568-XNOCkeUamr2b/[22m[2massets/[22m[36mmap-pin-DMqkcJos.js                               [39m[1m[2m    0.44 kB[22m[1m[22m[2m │ gzip:     0.33 kB[22m
[2m../../../../../private/var/folders/sv/t9qj9z797zv8rvjlh9gqk9140000gn/T/chromatic--75568-XNOCkeUamr2b/[22m[2massets/[22m[36mupload-EsXQpVCm.js                                [39m[1m[2m    0.44 kB[22m[1m[22m[2m │ gzip:     0.32 kB[22m
[2m../../../../../private/var/folders/sv/t9qj9z797zv8rvjlh9gqk9140000gn/T/chromatic--75568-XNOCkeUamr2b/[22m[2massets/[22m[36mcalendar-Ad_GlgHt.js                              [39m[1m[2m    0.44 kB[22m[1m[22m[2m │ gzip:     0.31 kB[22m
[2m../../../../../private/var/folders/sv/t9qj9z797zv8rvjlh9gqk9140000gn/T/chromatic--75568-XNOCkeUamr2b/[22m[2massets/[22m[36mchart-no-axes-column-B-TWxPa_.js                  [39m[1m[2m    0.44 kB[22m[1m[22m[2m │ gzip:     0.30 kB[22m
[2m../../../../../private/var/folders/sv/t9qj9z797zv8rvjlh9gqk9140000gn/T/chromatic--75568-XNOCkeUamr2b/[22m[2massets/[22m[36mdownload-B1eqK9y8.js                              [39m[1m[2m    0.45 kB[22m[1m[22m[2m │ gzip:     0.33 kB[22m
[2m../../../../../private/var/folders/sv/t9qj9z797zv8rvjlh9gqk9140000gn/T/chromatic--75568-XNOCkeUamr2b/[22m[2massets/[22m[36mtriangle-alert-Bc9o4z3Y.js                        [39m[1m[2m    0.45 kB[22m[1m[22m[2m │ gzip:     0.32 kB[22m
[2m../../../../../private/var/folders/sv/t9qj9z797zv8rvjlh9gqk9140000gn/T/chromatic--75568-XNOCkeUamr2b/[22m[2massets/[22m[36mindex-BKx0brzA.js                                 [39m[1m[2m    0.45 kB[22m[1m[22m[2m │ gzip:     0.29 kB[22m
[2m../../../../../private/var/folders/sv/t9qj9z797zv8rvjlh9gqk9140000gn/T/chromatic--75568-XNOCkeUamr2b/[22m[2massets/[22m[36mpencil-X0CpCEQ2.js                                [39m[1m[2m    0.46 kB[22m[1m[22m[2m │ gzip:     0.33 kB[22m
[2m../../../../../private/var/folders/sv/t9qj9z797zv8rvjlh9gqk9140000gn/T/chromatic--75568-XNOCkeUamr2b/[22m[2massets/[22m[36mpen-line-DHaFfP8n.js                              [39m[1m[2m    0.46 kB[22m[1m[22m[2m │ gzip:     0.33 kB[22m
[2m../../../../../private/var/folders/sv/t9qj9z797zv8rvjlh9gqk9140000gn/T/chromatic--75568-XNOCkeUamr2b/[22m[2massets/[22m[36mbell-xPxMwvNW.js                                  [39m[1m[2m    0.47 kB[22m[1m[22m[2m │ gzip:     0.35 kB[22m
[2m../../../../../private/var/folders/sv/t9qj9z797zv8rvjlh9gqk9140000gn/T/chromatic--75568-XNOCkeUamr2b/[22m[2massets/[22m[36msend-GTgfiAAU.js                                  [39m[1m[2m    0.47 kB[22m[1m[22m[2m │ gzip:     0.34 kB[22m
[2m../../../../../private/var/folders/sv/t9qj9z797zv8rvjlh9gqk9140000gn/T/chromatic--75568-XNOCkeUamr2b/[22m[2massets/[22m[36mindex-CeQG7o1U.js                                 [39m[1m[2m    0.48 kB[22m[1m[22m[2m │ gzip:     0.32 kB[22m
[2m../../../../../private/var/folders/sv/t9qj9z797zv8rvjlh9gqk9140000gn/T/chromatic--75568-XNOCkeUamr2b/[22m[2massets/[22m[36mmaximize-2-CJ3XV5Yv.js                            [39m[1m[2m    0.48 kB[22m[1m[22m[2m │ gzip:     0.32 kB[22m
[2m../../../../../private/var/folders/sv/t9qj9z797zv8rvjlh9gqk9140000gn/T/chromatic--75568-XNOCkeUamr2b/[22m[2massets/[22m[36mindex-CxmwXnGE.js                                 [39m[1m[2m    0.48 kB[22m[1m[22m[2m │ gzip:     0.33 kB[22m
[2m../../../../../private/var/folders/sv/t9qj9z797zv8rvjlh9gqk9140000gn/T/chromatic--75568-XNOCkeUamr2b/[22m[2massets/[22m[36mpaperclip-DhL02Rqw.js                             [39m[1m[2m    0.48 kB[22m[1m[22m[2m │ gzip:     0.33 kB[22m
[2m../../../../../private/var/folders/sv/t9qj9z797zv8rvjlh9gqk9140000gn/T/chromatic--75568-XNOCkeUamr2b/[22m[2massets/[22m[36musers-DvNknD6o.js                                 [39m[1m[2m    0.49 kB[22m[1m[22m[2m │ gzip:     0.33 kB[22m
[2m../../../../../private/var/folders/sv/t9qj9z797zv8rvjlh9gqk9140000gn/T/chromatic--75568-XNOCkeUamr2b/[22m[2massets/[22m[36mticket-B0zyNwZ9.js                                [39m[1m[2m    0.51 kB[22m[1m[22m[2m │ gzip:     0.32 kB[22m
[2m../../../../../private/var/folders/sv/t9qj9z797zv8rvjlh9gqk9140000gn/T/chromatic--75568-XNOCkeUamr2b/[22m[2massets/[22m[36mrefresh-ccw-ztV3prCP.js                           [39m[1m[2m    0.51 kB[22m[1m[22m[2m │ gzip:     0.33 kB[22m
[2m../../../../../private/var/folders/sv/t9qj9z797zv8rvjlh9gqk9140000gn/T/chromatic--75568-XNOCkeUamr2b/[22m[2massets/[22m[36mfile-text-CKqz_6m7.js                             [39m[1m[2m    0.52 kB[22m[1m[22m[2m │ gzip:     0.33 kB[22m
[2m../../../../../private/var/folders/sv/t9qj9z797zv8rvjlh9gqk9140000gn/T/chromatic--75568-XNOCkeUamr2b/[22m[2massets/[22m[36mshare-2-CSuQ56Pa.js                               [39m[1m[2m    0.54 kB[22m[1m[22m[2m │ gzip:     0.34 kB[22m
[2m../../../../../private/var/folders/sv/t9qj9z797zv8rvjlh9gqk9140000gn/T/chromatic--75568-XNOCkeUamr2b/[22m[2massets/[22m[36mtrash-2-Bokud5Jz.js                               [39m[1m[2m    0.54 kB[22m[1m[22m[2m │ gzip:     0.36 kB[22m
[2m../../../../../private/var/folders/sv/t9qj9z797zv8rvjlh9gqk9140000gn/T/chromatic--75568-XNOCkeUamr2b/[22m[2massets/[22m[36mindex-f8rASVec.js                                 [39m[1m[2m    0.54 kB[22m[1m[22m[2m │ gzip:     0.34 kB[22m
[2m../../../../../private/var/folders/sv/t9qj9z797zv8rvjlh9gqk9140000gn/T/chromatic--75568-XNOCkeUamr2b/[22m[2massets/[22m[36mcodeowners-Bp6g37R7.js                            [39m[1m[2m    0.55 kB[22m[1m[22m[2m │ gzip:     0.32 kB[22m
[2m../../../../../private/var/folders/sv/t9qj9z797zv8rvjlh9gqk9140000gn/T/chromatic--75568-XNOCkeUamr2b/[22m[2massets/[22m[36mgrip-vertical-C7h7BLTS.js                         [39m[1m[2m    0.55 kB[22m[1m[22m[2m │ gzip:     0.31 kB[22m
[2m../../../../../private/var/folders/sv/t9qj9z797zv8rvjlh9gqk9140000gn/T/chromatic--75568-XNOCkeUamr2b/[22m[2massets/[22m[36mindex-UgSE4Urg.js                                 [39m[1m[2m    0.57 kB[22m[1m[22m[2m │ gzip:     0.40 kB[22m
[2m../../../../../private/var/folders/sv/t9qj9z797zv8rvjlh9gqk9140000gn/T/chromatic--75568-XNOCkeUamr2b/[22m[2massets/[22m[36mcollapsible.v1-Bxk0QsX-.js                        [39m[1m[2m    0.57 kB[22m[1m[22m[2m │ gzip:     0.27 kB[22m
[2m../../../../../private/var/folders/sv/t9qj9z797zv8rvjlh9gqk9140000gn/T/chromatic--75568-XNOCkeUamr2b/[22m[2massets/[22m[36mphone-D5S-0QuK.js                                 [39m[1m[2m    0.58 kB[22m[1m[22m[2m │ gzip:     0.36 kB[22m
[2m../../../../../private/var/folders/sv/t9qj9z797zv8rvjlh9gqk9140000gn/T/chromatic--75568-XNOCkeUamr2b/[22m[2massets/[22m[36mIconBase.es-DHbULCwg.js                           [39m[1m[2m    0.59 kB[22m[1m[22m[2m │ gzip:     0.40 kB[22m
[2m../../../../../private/var/folders/sv/t9qj9z797zv8rvjlh9gqk9140000gn/T/chromatic--75568-XNOCkeUamr2b/[22m[2massets/[22m[36meye-off-BnIJKoZO.js                               [39m[1m[2m    0.61 kB[22m[1m[22m[2m │ gzip:     0.39 kB[22m
[2m../../../../../private/var/folders/sv/t9qj9z797zv8rvjlh9gqk9140000gn/T/chromatic--75568-XNOCkeUamr2b/[22m[2massets/[22m[36mbuilding-2-KYPKiqPO.js                            [39m[1m[2m    0.62 kB[22m[1m[22m[2m │ gzip:     0.36 kB[22m
[2m../../../../../private/var/folders/sv/t9qj9z797zv8rvjlh9gqk9140000gn/T/chromatic--75568-XNOCkeUamr2b/[22m[2massets/[22m[36mstar-DW9flfPM.js                                  [39m[1m[2m    0.66 kB[22m[1m[22m[2m │ gzip:     0.41 kB[22m
[2m../../../../../private/var/folders/sv/t9qj9z797zv8rvjlh9gqk9140000gn/T/chromatic--75568-XNOCkeUamr2b/[22m[2massets/[22m[36mcalendar-days-CpPWofgg.js                         [39m[1m[2m    0.68 kB[22m[1m[22m[2m │ gzip:     0.37 kB[22m
[2m../../../../../private/var/folders/sv/t9qj9z797zv8rvjlh9gqk9140000gn/T/chromatic--75568-XNOCkeUamr2b/[22m[2massets/[22m[36msparkles-DzFJJ7kQ.js                              [39m[1m[2m    0.69 kB[22m[1m[22m[2m │ gzip:     0.41 kB[22m
[2m../../../../../private/var/folders/sv/t9qj9z797zv8rvjlh9gqk9140000gn/T/chromatic--75568-XNOCkeUamr2b/[22m[2massets/[22m[36mindex-tvICUrOf.js                                 [39m[1m[2m    0.70 kB[22m[1m[22m[2m │ gzip:     0.44 kB[22m
[2m../../../../../private/var/folders/sv/t9qj9z797zv8rvjlh9gqk9140000gn/T/chromatic--75568-XNOCkeUamr2b/[22m[2massets/[22m[36malign-right-DTcVsxnL.js                           [39m[1m[2m    0.70 kB[22m[1m[22m[2m │ gzip:     0.33 kB[22m
[2m../../../../../private/var/folders/sv/t9qj9z797zv8rvjlh9gqk9140000gn/T/chromatic--75568-XNOCkeUamr2b/[22m[2massets/[22m[36mchunk-XP5HYGXS-BHXC9YeQ.js                        [39m[1m[2m    0.71 kB[22m[1m[22m[2m │ gzip:     0.40 kB[22m
[2m../../../../../private/var/folders/sv/t9qj9z797zv8rvjlh9gqk9140000gn/T/chromatic--75568-XNOCkeUamr2b/[22m[2massets/[22m[36mpreview-DGUiP6tS.js                               [39m[1m[2m    0.71 kB[22m[1m[22m[2m │ gzip:     0.50 kB[22m
[2m../../../../../private/var/folders/sv/t9qj9z797zv8rvjlh9gqk9140000gn/T/chromatic--75568-XNOCkeUamr2b/[22m[2massets/[22m[36mshellsession-BADoaaVG.js                          [39m[1m[2m    0.71 kB[22m[1m[22m[2m │ gzip:     0.43 kB[22m
[2m../../../../../private/var/folders/sv/t9qj9z797zv8rvjlh9gqk9140000gn/T/chromatic--75568-XNOCkeUamr2b/[22m[2massets/[22m[36mtextarea.v1-DAHT2UJ3.js                           [39m[1m[2m    0.73 kB[22m[1m[22m[2m │ gzip:     0.45 kB[22m
[2m../../../../../private/var/folders/sv/t9qj9z797zv8rvjlh9gqk9140000gn/T/chromatic--75568-XNOCkeUamr2b/[22m[2massets/[22m[36mtsv-B_m7g4N7.js                                   [39m[1m[2m    0.74 kB[22m[1m[22m[2m │ gzip:     0.34 kB[22m
[2m../../../../../private/var/folders/sv/t9qj9z797zv8rvjlh9gqk9140000gn/T/chromatic--75568-XNOCkeUamr2b/[22m[2massets/[22m[36mindex-DrFu-skq.js                                 [39m[1m[2m    0.77 kB[22m[1m[22m[2m │ gzip:     0.47 kB[22m
[2m../../../../../private/var/folders/sv/t9qj9z797zv8rvjlh9gqk9140000gn/T/chromatic--75568-XNOCkeUamr2b/[22m[2massets/[22m[36mpalette-Cxmwny6V.js                               [39m[1m[2m    0.79 kB[22m[1m[22m[2m │ gzip:     0.45 kB[22m
[2m../../../../../private/var/folders/sv/t9qj9z797zv8rvjlh9gqk9140000gn/T/chromatic--75568-XNOCkeUamr2b/[22m[2massets/[22m[36mindex-Y_Fbk_Vt.js                                 [39m[1m[2m    0.80 kB[22m[1m[22m[2m │ gzip:     0.44 kB[22m
[2m../../../../../private/var/folders/sv/t9qj9z797zv8rvjlh9gqk9140000gn/T/chromatic--75568-XNOCkeUamr2b/[22m[2massets/[22m[36mlabel.v1-BlvyhBAJ.js                              [39m[1m[2m    0.80 kB[22m[1m[22m[2m │ gzip:     0.50 kB[22m
[2m../../../../../private/var/folders/sv/t9qj9z797zv8rvjlh9gqk9140000gn/T/chromatic--75568-XNOCkeUamr2b/[22m[2massets/[22m[36mzap-1DYMcFJL.js                                   [39m[1m[2m    0.81 kB[22m[1m[22m[2m │ gzip:     0.41 kB[22m
[2m../../../../../private/var/folders/sv/t9qj9z797zv8rvjlh9gqk9140000gn/T/chromatic--75568-XNOCkeUamr2b/[22m[2massets/[22m[36mhtml-derivative-DlHx6ybY.js                       [39m[1m[2m    0.90 kB[22m[1m[22m[2m │ gzip:     0.50 kB[22m
[2m../../../../../private/var/folders/sv/t9qj9z797zv8rvjlh9gqk9140000gn/T/chromatic--75568-XNOCkeUamr2b/[22m[2massets/[22m[36minput.v1-BPuGY24G.js                              [39m[1m[2m    0.90 kB[22m[1m[22m[2m │ gzip:     0.51 kB[22m
[2m../../../../../private/var/folders/sv/t9qj9z797zv8rvjlh9gqk9140000gn/T/chromatic--75568-XNOCkeUamr2b/[22m[2massets/[22m[36msettings-DyDHNlf6.js                              [39m[1m[2m    0.91 kB[22m[1m[22m[2m │ gzip:     0.45 kB[22m
[2m../../../../../private/var/folders/sv/t9qj9z797zv8rvjlh9gqk9140000gn/T/chromatic--75568-XNOCkeUamr2b/[22m[2massets/[22m[36mreact-18-BPiYro15.js                              [39m[1m[2m    0.92 kB[22m[1m[22m[2m │ gzip:     0.51 kB[22m
[2m../../../../../private/var/folders/sv/t9qj9z797zv8rvjlh9gqk9140000gn/T/chromatic--75568-XNOCkeUamr2b/[22m[2massets/[22m[36mpreview-BCzzmug8.js                               [39m[1m[2m    0.95 kB[22m[1m[22m[2m │ gzip:     0.59 kB[22m
[2m../../../../../private/var/folders/sv/t9qj9z797zv8rvjlh9gqk9140000gn/T/chromatic--75568-XNOCkeUamr2b/[22m[2massets/[22m[36mgit-rebase-r7XF79zn.js                            [39m[1m[2m    0.98 kB[22m[1m[22m[2m │ gzip:     0.44 kB[22m
[2m../../../../../private/var/folders/sv/t9qj9z797zv8rvjlh9gqk9140000gn/T/chromatic--75568-XNOCkeUamr2b/[22m[2massets/[22m[36mqmldir-C8lEn-DE.js                                [39m[1m[2m    1.00 kB[22m[1m[22m[2m │ gzip:     0.45 kB[22m
[2m../../../../../private/var/folders/sv/t9qj9z797zv8rvjlh9gqk9140000gn/T/chromatic--75568-XNOCkeUamr2b/[22m[2massets/[22m[36mjsx-runtime-Cf8x2fCZ.js                           [39m[1m[2m    1.00 kB[22m[1m[22m[2m │ gzip:     0.62 kB[22m
[2m../../../../../private/var/folders/sv/t9qj9z797zv8rvjlh9gqk9140000gn/T/chromatic--75568-XNOCkeUamr2b/[22m[2massets/[22m[36mseparator.v1-CNjH8eHj.js                          [39m[1m[2m    1.06 kB[22m[1m[22m[2m │ gzip:     0.54 kB[22m
[2m../../../../../private/var/folders/sv/t9qj9z797zv8rvjlh9gqk9140000gn/T/chromatic--75568-XNOCkeUamr2b/[22m[2massets/[22m[36mcsv-fuZLfV_i.js                                   [39m[1m[2m    1.14 kB[22m[1m[22m[2m │ gzip:     0.37 kB[22m
[2m../../../../../private/var/folders/sv/t9qj9z797zv8rvjlh9gqk9140000gn/T/chromatic--75568-XNOCkeUamr2b/[22m[2massets/[22m[36mdraftStore-Bw19nMhR.js                            [39m[1m[2m    1.20 kB[22m[1m[22m[2m │ gzip:     0.70 kB[22m
[2m../../../../../private/var/folders/sv/t9qj9z797zv8rvjlh9gqk9140000gn/T/chromatic--75568-XNOCkeUamr2b/[22m[2massets/[22m[36mgit-commit-F4YmCXRG.js                            [39m[1m[2m    1.23 kB[22m[1m[22m[2m │ gzip:     0.53 kB[22m
[2m../../../../../private/var/folders/sv/t9qj9z797zv8rvjlh9gqk9140000gn/T/chromatic--75568-XNOCkeUamr2b/[22m[2massets/[22m[36mindex-nbpoScTQ.js                                 [39m[1m[2m    1.26 kB[22m[1m[22m[2m │ gzip:     0.62 kB[22m
[2m../../../../../private/var/folders/sv/t9qj9z797zv8rvjlh9gqk9140000gn/T/chromatic--75568-XNOCkeUamr2b/[22m[2massets/[22m[36mxsl-CtQFsRM5.js                                   [39m[1m[2m    1.39 kB[22m[1m[22m[2m │ gzip:     0.52 kB[22m
[2m../../../../../private/var/folders/sv/t9qj9z797zv8rvjlh9gqk9140000gn/T/chromatic--75568-XNOCkeUamr2b/[22m[2massets/[22m[36mDocsRenderer-CFRXHY34-BgZVkqEk.js                 [39m[1m[2m    1.39 kB[22m[1m[22m[2m │ gzip:     0.72 kB[22m
[2m../../../../../private/var/folders/sv/t9qj9z797zv8rvjlh9gqk9140000gn/T/chromatic--75568-XNOCkeUamr2b/[22m[2massets/[22m[36mdotenv-Da5cRb03.js                                [39m[1m[2m    1.42 kB[22m[1m[22m[2m │ gzip:     0.53 kB[22m
[2m../../../../../private/var/folders/sv/t9qj9z797zv8rvjlh9gqk9140000gn/T/chromatic--75568-XNOCkeUamr2b/[22m[2massets/[22m[36mbadge.v1-DcwNLEgs.js                              [39m[1m[2m    1.42 kB[22m[1m[22m[2m │ gzip:     0.70 kB[22m
[2m../../../../../private/var/folders/sv/t9qj9z797zv8rvjlh9gqk9140000gn/T/chromatic--75568-XNOCkeUamr2b/[22m[2massets/[22m[36mMynaConversationsL2NavPanel.v1-5PwPkYJO.js        [39m[1m[2m    1.44 kB[22m[1m[22m[2m │ gzip:     0.69 kB[22m
[2m../../../../../private/var/folders/sv/t9qj9z797zv8rvjlh9gqk9140000gn/T/chromatic--75568-XNOCkeUamr2b/[22m[2massets/[22m[36mindex-C3cpMgHl.js                                 [39m[1m[2m    1.48 kB[22m[1m[22m[2m │ gzip:     0.68 kB[22m
[2m../../../../../private/var/folders/sv/t9qj9z797zv8rvjlh9gqk9140000gn/T/chromatic--75568-XNOCkeUamr2b/[22m[2massets/[22m[36msparql-rVzFXLq3.js                                [39m[1m[2m    1.48 kB[22m[1m[22m[2m │ gzip:     0.82 kB[22m
[2m../../../../../private/var/folders/sv/t9qj9z797zv8rvjlh9gqk9140000gn/T/chromatic--75568-XNOCkeUamr2b/[22m[2massets/[22m[36mini-BEwlwnbL.js                                   [39m[1m[2m    1.53 kB[22m[1m[22m[2m │ gzip:     0.50 kB[22m
[2m../../../../../private/var/folders/sv/t9qj9z797zv8rvjlh9gqk9140000gn/T/chromatic--75568-XNOCkeUamr2b/[22m[2massets/[22m[36mfortran-fixed-form-CkoXwp7k.js                    [39m[1m[2m    1.67 kB[22m[1m[22m[2m │ gzip:     0.69 kB[22m
[2m../../../../../private/var/folders/sv/t9qj9z797zv8rvjlh9gqk9140000gn/T/chromatic--75568-XNOCkeUamr2b/[22m[2massets/[22m[36msvg-y1gexucine-mN6ScSQ3.js                        [39m[1m[2m    1.67 kB[22m[1m[22m[2m │ gzip:     0.78 kB[22m
[2m../../../../../private/var/folders/sv/t9qj9z797zv8rvjlh9gqk9140000gn/T/chromatic--75568-XNOCkeUamr2b/[22m[2massets/[22m[36mcard.v1-B45v1Mjl.js                               [39m[1m[2m    1.72 kB[22m[1m[22m[2m │ gzip:     0.57 kB[22m
[2m../../../../../private/var/folders/sv/t9qj9z797zv8rvjlh9gqk9140000gn/T/chromatic--75568-XNOCkeUamr2b/[22m[2massets/[22m[36mcreateLucideIcon-UnEokoeD.js                      [39m[1m[2m    1.74 kB[22m[1m[22m[2m │ gzip:     0.73 kB[22m
[2m../../../../../private/var/folders/sv/t9qj9z797zv8rvjlh9gqk9140000gn/T/chromatic--75568-XNOCkeUamr2b/[22m[2massets/[22m[36mindex-CJQuxhh7.js                                 [39m[1m[2m    1.74 kB[22m[1m[22m[2m │ gzip:     0.83 kB[22m
[2m../../../../../private/var/folders/sv/t9qj9z797zv8rvjlh9gqk9140000gn/T/chromatic--75568-XNOCkeUamr2b/[22m[2massets/[22m[36mdocker-BcOcwvcX.js                                [39m[1m[2m    1.74 kB[22m[1m[22m[2m │ gzip:     0.60 kB[22m
[2m../../../../../private/var/folders/sv/t9qj9z797zv8rvjlh9gqk9140000gn/T/chromatic--75568-XNOCkeUamr2b/[22m[2massets/[22m[36mhxml-Bvhsp5Yf.js                                  [39m[1m[2m    1.74 kB[22m[1m[22m[2m │ gzip:     0.88 kB[22m
[2m../../../../../private/var/folders/sv/t9qj9z797zv8rvjlh9gqk9140000gn/T/chromatic--75568-XNOCkeUamr2b/[22m[2massets/[22m[36mFunnelSimple.es-9j6EwmLE.js                       [39m[1m[2m    1.83 kB[22m[1m[22m[2m │ gzip:     0.62 kB[22m
[2m../../../../../private/var/folders/sv/t9qj9z797zv8rvjlh9gqk9140000gn/T/chromatic--75568-XNOCkeUamr2b/[22m[2massets/[22m[36mdesktop-BmXAJ9_W.js                               [39m[1m[2m    1.83 kB[22m[1m[22m[2m │ gzip:     0.76 kB[22m
[2m../../../../../private/var/folders/sv/t9qj9z797zv8rvjlh9gqk9140000gn/T/chromatic--75568-XNOCkeUamr2b/[22m[2massets/[22m[36mpreview-EfLU7bC9.js                               [39m[1m[2m    1.84 kB[22m[1m[22m[2m │ gzip:     0.90 kB[22m
[2m../../../../../private/var/folders/sv/t9qj9z797zv8rvjlh9gqk9140000gn/T/chromatic--75568-XNOCkeUamr2b/[22m[2massets/[22m[36mtable.v1-D4YGMYmp.js                              [39m[1m[2m    1.85 kB[22m[1m[22m[2m │ gzip:     0.60 kB[22m
[2m../../../../../private/var/folders/sv/t9qj9z797zv8rvjlh9gqk9140000gn/T/chromatic--75568-XNOCkeUamr2b/[22m[2massets/[22m[36mbutton.v1-CNmCJhkq.js                             [39m[1m[2m    1.89 kB[22m[1m[22m[2m │ gzip:     0.85 kB[22m
[2m../../../../../private/var/folders/sv/t9qj9z797zv8rvjlh9gqk9140000gn/T/chromatic--75568-XNOCkeUamr2b/[22m[2massets/[22m[36mavatar.v1-ChUtIsPo.js                             [39m[1m[2m    2.10 kB[22m[1m[22m[2m │ gzip:     0.93 kB[22m
[2m../../../../../private/var/folders/sv/t9qj9z797zv8rvjlh9gqk9140000gn/T/chromatic--75568-XNOCkeUamr2b/[22m[2massets/[22m[36mprogress.v1-D1u1Sz4Y.js                           [39m[1m[2m    2.12 kB[22m[1m[22m[2m │ gzip:     1.04 kB[22m
[2m../../../../../private/var/folders/sv/t9qj9z797zv8rvjlh9gqk9140000gn/T/chromatic--75568-XNOCkeUamr2b/[22m[2massets/[22m[36mindex-Um0N4PDX.js                                 [39m[1m[2m    2.15 kB[22m[1m[22m[2m │ gzip:     0.94 kB[22m
[2m../../../../../private/var/folders/sv/t9qj9z797zv8rvjlh9gqk9140000gn/T/chromatic--75568-XNOCkeUamr2b/[22m[2massets/[22m[36mwenyan-BV7otONQ.js                                [39m[1m[2m    2.16 kB[22m[1m[22m[2m │ gzip:     1.09 kB[22m
[2m../../../../../private/var/folders/sv/t9qj9z797zv8rvjlh9gqk9140000gn/T/chromatic--75568-XNOCkeUamr2b/[22m[2massets/[22m[36mProgress.stories-BX4ByHVw.js                      [39m[1m[2m    2.21 kB[22m[1m[22m[2m │ gzip:     0.86 kB[22m
[2m../../../../../private/var/folders/sv/t9qj9z797zv8rvjlh9gqk9140000gn/T/chromatic--75568-XNOCkeUamr2b/[22m[2massets/[22m[36mBadge.stories-DNSmo_Sc.js                         [39m[1m[2m    2.23 kB[22m[1m[22m[2m │ gzip:     0.77 kB[22m
[2m../../../../../private/var/folders/sv/t9qj9z797zv8rvjlh9gqk9140000gn/T/chromatic--75568-XNOCkeUamr2b/[22m[2massets/[22m[36mjssm-C2t-YnRu.js                                  [39m[1m[2m    2.24 kB[22m[1m[22m[2m │ gzip:     0.62 kB[22m
[2m../../../../../private/var/folders/sv/t9qj9z797zv8rvjlh9gqk9140000gn/T/chromatic--75568-XNOCkeUamr2b/[22m[2massets/[22m[36mTextarea.stories-BgFR1GvZ.js                      [39m[1m[2m    2.24 kB[22m[1m[22m[2m │ gzip:     0.89 kB[22m
[2m../../../../../private/var/folders/sv/t9qj9z797zv8rvjlh9gqk9140000gn/T/chromatic--75568-XNOCkeUamr2b/[22m[2massets/[22m[36mMessage.stories-DDn5fWtS.js                       [39m[1m[2m    2.34 kB[22m[1m[22m[2m │ gzip:     0.98 kB[22m
[2m../../../../../private/var/folders/sv/t9qj9z797zv8rvjlh9gqk9140000gn/T/chromatic--75568-XNOCkeUamr2b/[22m[2massets/[22m[36mreg-C-SQnVFl.js                                   [39m[1m[2m    2.35 kB[22m[1m[22m[2m │ gzip:     0.70 kB[22m
[2m../../../../../private/var/folders/sv/t9qj9z797zv8rvjlh9gqk9140000gn/T/chromatic--75568-XNOCkeUamr2b/[22m[2massets/[22m[36medge-FbVlp4U3.js                                  [39m[1m[2m    2.36 kB[22m[1m[22m[2m │ gzip:     0.70 kB[22m
[2m../../../../../private/var/folders/sv/t9qj9z797zv8rvjlh9gqk9140000gn/T/chromatic--75568-XNOCkeUamr2b/[22m[2massets/[22m[36mindex-CmjUVUsH.js                                 [39m[1m[2m    2.46 kB[22m[1m[22m[2m │ gzip:     1.06 kB[22m
[2m../../../../../private/var/folders/sv/t9qj9z797zv8rvjlh9gqk9140000gn/T/chromatic--75568-XNOCkeUamr2b/[22m[2massets/[22m[36mTopBar.stories-DEf1kqz6.js                        [39m[1m[2m    2.54 kB[22m[1m[22m[2m │ gzip:     0.88 kB[22m
[2m../../../../../private/var/folders/sv/t9qj9z797zv8rvjlh9gqk9140000gn/T/chromatic--75568-XNOCkeUamr2b/[22m[2massets/[22m[36mdiff-D97Zzqfu.js                                  [39m[1m[2m    2.57 kB[22m[1m[22m[2m │ gzip:     0.70 kB[22m
[2m../../../../../private/var/folders/sv/t9qj9z797zv8rvjlh9gqk9140000gn/T/chromatic--75568-XNOCkeUamr2b/[22m[2massets/[22m[36mgleam-BspZqrRM.js                                 [39m[1m[2m    2.58 kB[22m[1m[22m[2m │ gzip:     0.82 kB[22m
[2m../../../../../private/var/folders/sv/t9qj9z797zv8rvjlh9gqk9140000gn/T/chromatic--75568-XNOCkeUamr2b/[22m[2massets/[22m[36merb-BYCe7drp.js                                   [39m[1m[2m    2.61 kB[22m[1m[22m[2m │ gzip:     0.84 kB[22m
[2m../../../../../private/var/folders/sv/t9qj9z797zv8rvjlh9gqk9140000gn/T/chromatic--75568-XNOCkeUamr2b/[22m[2massets/[22m[36mhy-DFXneXwc.js                                    [39m[1m[2m    2.65 kB[22m[1m[22m[2m │ gzip:     1.18 kB[22m
[2m../../../../../private/var/folders/sv/t9qj9z797zv8rvjlh9gqk9140000gn/T/chromatic--75568-XNOCkeUamr2b/[22m[2massets/[22m[36mtoggle.v1-Bt_kNU0h.js                             [39m[1m[2m    2.75 kB[22m[1m[22m[2m │ gzip:     1.23 kB[22m
[2m../../../../../private/var/folders/sv/t9qj9z797zv8rvjlh9gqk9140000gn/T/chromatic--75568-XNOCkeUamr2b/[22m[2massets/[22m[36mjson-Cp-IABpG.js                                  [39m[1m[2m    2.82 kB[22m[1m[22m[2m │ gzip:     0.78 kB[22m
[2m../../../../../private/var/folders/sv/t9qj9z797zv8rvjlh9gqk9140000gn/T/chromatic--75568-XNOCkeUamr2b/[22m[2massets/[22m[36mopenscad-C4EeE6gA.js                              [39m[1m[2m    2.82 kB[22m[1m[22m[2m │ gzip:     1.01 kB[22m
[2m../../../../../private/var/folders/sv/t9qj9z797zv8rvjlh9gqk9140000gn/T/chromatic--75568-XNOCkeUamr2b/[22m[2massets/[22m[36mlog-2UxHyX5q.js                                   [39m[1m[2m    2.85 kB[22m[1m[22m[2m │ gzip:     0.90 kB[22m
[2m../../../../../private/var/folders/sv/t9qj9z797zv8rvjlh9gqk9140000gn/T/chromatic--75568-XNOCkeUamr2b/[22m[2massets/[22m[36mcairo-KRGpt6FW.js                                 [39m[1m[2m    2.94 kB[22m[1m[22m[2m │ gzip:     0.81 kB[22m
[2m../../../../../private/var/folders/sv/t9qj9z797zv8rvjlh9gqk9140000gn/T/chromatic--75568-XNOCkeUamr2b/[22m[2massets/[22m[36mInput.stories-zCJJzu3m.js                         [39m[1m[2m    2.99 kB[22m[1m[22m[2m │ gzip:     1.04 kB[22m
[2m../../../../../private/var/folders/sv/t9qj9z797zv8rvjlh9gqk9140000gn/T/chromatic--75568-XNOCkeUamr2b/[22m[2massets/[22m[36mberry-uYugtg8r.js                                 [39m[1m[2m    3.01 kB[22m[1m[22m[2m │ gzip:     0.81 kB[22m
[2m../../../../../private/var/folders/sv/t9qj9z797zv8rvjlh9gqk9140000gn/T/chromatic--75568-XNOCkeUamr2b/[22m[2massets/[22m[36mjsonl-DcaNXYhu.js                                 [39m[1m[2m    3.01 kB[22m[1m[22m[2m │ gzip:     0.79 kB[22m
[2m../../../../../private/var/folders/sv/t9qj9z797zv8rvjlh9gqk9140000gn/T/chromatic--75568-XNOCkeUamr2b/[22m[2massets/[22m[36mSlider.stories-SdKEyRJU.js                        [39m[1m[2m    3.02 kB[22m[1m[22m[2m │ gzip:     1.01 kB[22m
[2m../../../../../private/var/folders/sv/t9qj9z797zv8rvjlh9gqk9140000gn/T/chromatic--75568-XNOCkeUamr2b/[22m[2massets/[22m[36mSkeleton.stories-7oHfCGh0.js                      [39m[1m[2m    3.02 kB[22m[1m[22m[2m │ gzip:     0.96 kB[22m
[2m../../../../../private/var/folders/sv/t9qj9z797zv8rvjlh9gqk9140000gn/T/chromatic--75568-XNOCkeUamr2b/[22m[2massets/[22m[36mSeparator.stories-Skc2sAMy.js                     [39m[1m[2m    3.03 kB[22m[1m[22m[2m │ gzip:     0.96 kB[22m
[2m../../../../../private/var/folders/sv/t9qj9z797zv8rvjlh9gqk9140000gn/T/chromatic--75568-XNOCkeUamr2b/[22m[2massets/[22m[36mdialog.v1-DD7fRYGa.js                             [39m[1m[2m    3.08 kB[22m[1m[22m[2m │ gzip:     0.99 kB[22m
[2m../../../../../private/var/folders/sv/t9qj9z797zv8rvjlh9gqk9140000gn/T/chromatic--75568-XNOCkeUamr2b/[22m[2massets/[22m[36mjsonc-Des-eS-w.js                                 [39m[1m[2m    3.11 kB[22m[1m[22m[2m │ gzip:     0.80 kB[22m
[2m../../../../../private/var/folders/sv/t9qj9z797zv8rvjlh9gqk9140000gn/T/chromatic--75568-XNOCkeUamr2b/[22m[2massets/[22m[36mlogo-BtOb2qkB.js                                  [39m[1m[2m    3.13 kB[22m[1m[22m[2m │ gzip:     1.47 kB[22m
[2m../../../../../private/var/folders/sv/t9qj9z797zv8rvjlh9gqk9140000gn/T/chromatic--75568-XNOCkeUamr2b/[22m[2massets/[22m[36mpo-BTJTHyun.js                                    [39m[1m[2m    3.24 kB[22m[1m[22m[2m │ gzip:     0.91 kB[22m
[2m../../../../../private/var/folders/sv/t9qj9z797zv8rvjlh9gqk9140000gn/T/chromatic--75568-XNOCkeUamr2b/[22m[2massets/[22m[36mCheckbox.stories-DPJjNYl0.js                      [39m[1m[2m    3.25 kB[22m[1m[22m[2m │ gzip:     1.10 kB[22m
[2m../../../../../private/var/folders/sv/t9qj9z797zv8rvjlh9gqk9140000gn/T/chromatic--75568-XNOCkeUamr2b/[22m[2massets/[22m[36mAvatar.stories-BdhCb4FZ.js                        [39m[1m[2m    3.25 kB[22m[1m[22m[2m │ gzip:     1.00 kB[22m
[2m../../../../../private/var/folders/sv/t9qj9z797zv8rvjlh9gqk9140000gn/T/chromatic--75568-XNOCkeUamr2b/[22m[2massets/[22m[36mjson5-C9tS-k6U.js                                 [39m[1m[2m    3.25 kB[22m[1m[22m[2m │ gzip:     0.83 kB[22m
[2m../../../../../private/var/folders/sv/t9qj9z797zv8rvjlh9gqk9140000gn/T/chromatic--75568-XNOCkeUamr2b/[22m[2massets/[22m[36mmipsasm-CKIfxQSi.js                               [39m[1m[2m    3.26 kB[22m[1m[22m[2m │ gzip:     1.18 kB[22m
[2m../../../../../private/var/folders/sv/t9qj9z797zv8rvjlh9gqk9140000gn/T/chromatic--75568-XNOCkeUamr2b/[22m[2massets/[22m[36mtasl-QIJgUcNo.js                                  [39m[1m[2m    3.29 kB[22m[1m[22m[2m │ gzip:     0.85 kB[22m
[2m../../../../../private/var/folders/sv/t9qj9z797zv8rvjlh9gqk9140000gn/T/chromatic--75568-XNOCkeUamr2b/[22m[2massets/[22m[36mgenie-D0YGMca9.js                                 [39m[1m[2m    3.36 kB[22m[1m[22m[2m │ gzip:     1.21 kB[22m
[2m../../../../../private/var/folders/sv/t9qj9z797zv8rvjlh9gqk9140000gn/T/chromatic--75568-XNOCkeUamr2b/[22m[2massets/[22m[36mrel-C3B-1QV4.js                                   [39m[1m[2m    3.37 kB[22m[1m[22m[2m │ gzip:     1.11 kB[22m
[2m../../../../../private/var/folders/sv/t9qj9z797zv8rvjlh9gqk9140000gn/T/chromatic--75568-XNOCkeUamr2b/[22m[2massets/[22m[36mvala-CsfeWuGM.js                                  [39m[1m[2m    3.37 kB[22m[1m[22m[2m │ gzip:     1.19 kB[22m
[2m../../../../../private/var/folders/sv/t9qj9z797zv8rvjlh9gqk9140000gn/T/chromatic--75568-XNOCkeUamr2b/[22m[2massets/[22m[36mcheckbox.v1-B6B-Ycp4.js                           [39m[1m[2m    3.42 kB[22m[1m[22m[2m │ gzip:     1.59 kB[22m
[2m../../../../../private/var/folders/sv/t9qj9z797zv8rvjlh9gqk9140000gn/T/chromatic--75568-XNOCkeUamr2b/[22m[2massets/[22m[36msheet.v1-CChGw33M.js                              [39m[1m[2m    3.42 kB[22m[1m[22m[2m │ gzip:     1.10 kB[22m
[2m../../../../../private/var/folders/sv/t9qj9z797zv8rvjlh9gqk9140000gn/T/chromatic--75568-XNOCkeUamr2b/[22m[2massets/[22m[36msplunk-BtCnVYZw.js                                [39m[1m[2m    3.44 kB[22m[1m[22m[2m │ gzip:     1.52 kB[22m
[2m../../../../../private/var/folders/sv/t9qj9z797zv8rvjlh9gqk9140000gn/T/chromatic--75568-XNOCkeUamr2b/[22m[2massets/[22m[36mpreview-DD_OYowb.js                               [39m[1m[2m    3.51 kB[22m[1m[22m[2m │ gzip:     1.69 kB[22m
[2m../../../../../private/var/folders/sv/t9qj9z797zv8rvjlh9gqk9140000gn/T/chromatic--75568-XNOCkeUamr2b/[22m[2massets/[22m[36mTooltip.stories-DqbOaXEN.js                       [39m[1m[2m    3.59 kB[22m[1m[22m[2m │ gzip:     1.14 kB[22m
[2m../../../../../private/var/folders/sv/t9qj9z797zv8rvjlh9gqk9140000gn/T/chromatic--75568-XNOCkeUamr2b/[22m[2massets/[22m[36mfluent-C4IJs8-o.js                                [39m[1m[2m    3.61 kB[22m[1m[22m[2m │ gzip:     0.90 kB[22m
[2m../../../../../private/var/folders/sv/t9qj9z797zv8rvjlh9gqk9140000gn/T/chromatic--75568-XNOCkeUamr2b/[22m[2massets/[22m[36mssh-config-_ykCGR6B.js                            [39m[1m[2m    3.62 kB[22m[1m[22m[2m │ gzip:     1.60 kB[22m
[2m../../../../../private/var/folders/sv/t9qj9z797zv8rvjlh9gqk9140000gn/T/chromatic--75568-XNOCkeUamr2b/[22m[2massets/[22m[36mjsonnet-DFQXde-d.js                               [39m[1m[2m    3.62 kB[22m[1m[22m[2m │ gzip:     1.05 kB[22m
[2m../../../../../private/var/folders/sv/t9qj9z797zv8rvjlh9gqk9140000gn/T/chromatic--75568-XNOCkeUamr2b/[22m[2massets/[22m[36mkdl-DV7GczEv.js                                   [39m[1m[2m    3.63 kB[22m[1m[22m[2m │ gzip:     1.04 kB[22m
[2m../../../../../private/var/folders/sv/t9qj9z797zv8rvjlh9gqk9140000gn/T/chromatic--75568-XNOCkeUamr2b/[22m[2massets/[22m[36mglsl-DplSGwfg.js                                  [39m[1m[2m    3.63 kB[22m[1m[22m[2m │ gzip:     1.41 kB[22m
[2m../../../../../private/var/folders/sv/t9qj9z797zv8rvjlh9gqk9140000gn/T/chromatic--75568-XNOCkeUamr2b/[22m[2massets/[22m[36mhurl-irOxFIW8.js                                  [39m[1m[2m    3.65 kB[22m[1m[22m[2m │ gzip:     1.16 kB[22m
[2m../../../../../private/var/folders/sv/t9qj9z797zv8rvjlh9gqk9140000gn/T/chromatic--75568-XNOCkeUamr2b/[22m[2massets/[22m[36mnarrat-DRg8JJMk.js                                [39m[1m[2m    3.67 kB[22m[1m[22m[2m │ gzip:     1.11 kB[22m
[2m../../../../../private/var/folders/sv/t9qj9z797zv8rvjlh9gqk9140000gn/T/chromatic--75568-XNOCkeUamr2b/[22m[2massets/[22m[36mindex-BvN9PQLk.js                                 [39m[1m[2m    3.67 kB[22m[1m[22m[2m │ gzip:     1.63 kB[22m
[2m../../../../../private/var/folders/sv/t9qj9z797zv8rvjlh9gqk9140000gn/T/chromatic--75568-XNOCkeUamr2b/[22m[2massets/[22m[36mturtle-BsS91CYL.js                                [39m[1m[2m    3.70 kB[22m[1m[22m[2m │ gzip:     0.98 kB[22m
[2m../../../../../private/var/folders/sv/t9qj9z797zv8rvjlh9gqk9140000gn/T/chromatic--75568-XNOCkeUamr2b/[22m[2massets/[22m[36mzenscript-DVFEvuxE.js                             [39m[1m[2m    3.91 kB[22m[1m[22m[2m │ gzip:     1.28 kB[22m
[2m../../../../../private/var/folders/sv/t9qj9z797zv8rvjlh9gqk9140000gn/T/chromatic--75568-XNOCkeUamr2b/[22m[2massets/[22m[36mron-D8l8udqQ.js                                   [39m[1m[2m    3.91 kB[22m[1m[22m[2m │ gzip:     0.98 kB[22m
[2m../../../../../private/var/folders/sv/t9qj9z797zv8rvjlh9gqk9140000gn/T/chromatic--75568-XNOCkeUamr2b/[22m[2massets/[22m[36mindex-BXjXV8BO.js                                 [39m[1m[2m    3.93 kB[22m[1m[22m[2m │ gzip:     1.43 kB[22m
[2m../../../../../private/var/folders/sv/t9qj9z797zv8rvjlh9gqk9140000gn/T/chromatic--75568-XNOCkeUamr2b/[22m[2massets/[22m[36mprompt-input.v1-BHJYU3Kw.js                       [39m[1m[2m    3.93 kB[22m[1m[22m[2m │ gzip:     1.69 kB[22m
[2m../../../../../private/var/folders/sv/t9qj9z797zv8rvjlh9gqk9140000gn/T/chromatic--75568-XNOCkeUamr2b/[22m[2massets/[22m[36mLabel.stories-CgceAvND.js                         [39m[1m[2m    3.95 kB[22m[1m[22m[2m │ gzip:     1.23 kB[22m
[2m../../../../../private/var/folders/sv/t9qj9z797zv8rvjlh9gqk9140000gn/T/chromatic--75568-XNOCkeUamr2b/[22m[2massets/[22m[36mtabs.v1-BqaqTD4a.js                               [39m[1m[2m    3.99 kB[22m[1m[22m[2m │ gzip:     1.63 kB[22m
[2m../../../../../private/var/folders/sv/t9qj9z797zv8rvjlh9gqk9140000gn/T/chromatic--75568-XNOCkeUamr2b/[22m[2massets/[22m[36mgn-n2N0HUVH.js                                    [39m[1m[2m    4.00 kB[22m[1m[22m[2m │ gzip:     1.49 kB[22m
[2m../../../../../private/var/folders/sv/t9qj9z797zv8rvjlh9gqk9140000gn/T/chromatic--75568-XNOCkeUamr2b/[22m[2massets/[22m[36mTabs.stories-B0M0ZFVj.js                          [39m[1m[2m    4.10 kB[22m[1m[22m[2m │ gzip:     1.04 kB[22m
[2m../../../../../private/var/folders/sv/t9qj9z797zv8rvjlh9gqk9140000gn/T/chromatic--75568-XNOCkeUamr2b/[22m[2massets/[22m[36mpascal-D93ZcfNL.js                                [39m[1m[2m    4.15 kB[22m[1m[22m[2m │ gzip:     1.67 kB[22m
[2m../../../../../private/var/folders/sv/t9qj9z797zv8rvjlh9gqk9140000gn/T/chromatic--75568-XNOCkeUamr2b/[22m[2massets/[22m[36mButton.stories-Do7hngaN.js                        [39m[1m[2m    4.17 kB[22m[1m[22m[2m │ gzip:     1.28 kB[22m
[2m../../../../../private/var/folders/sv/t9qj9z797zv8rvjlh9gqk9140000gn/T/chromatic--75568-XNOCkeUamr2b/[22m[2massets/[22m[36mBirdAIJourneysL2Scorecard.stories-DXCudVsj.js     [39m[1m[2m    4.20 kB[22m[1m[22m[2m │ gzip:     1.38 kB[22m
[2m../../../../../private/var/folders/sv/t9qj9z797zv8rvjlh9gqk9140000gn/T/chromatic--75568-XNOCkeUamr2b/[22m[2massets/[22m[36mAspectRatio.stories-BJT-jutY.js                   [39m[1m[2m    4.21 kB[22m[1m[22m[2m │ gzip:     1.27 kB[22m
[2m../../../../../private/var/folders/sv/t9qj9z797zv8rvjlh9gqk9140000gn/T/chromatic--75568-XNOCkeUamr2b/[22m[2massets/[22m[36mTable.stories-Cedd6_Sh.js                         [39m[1m[2m    4.26 kB[22m[1m[22m[2m │ gzip:     1.31 kB[22m
[2m../../../../../private/var/folders/sv/t9qj9z797zv8rvjlh9gqk9140000gn/T/chromatic--75568-XNOCkeUamr2b/[22m[2massets/[22m[36mAgentsL2NavPanel.v2-Dj3LnXV5.js                   [39m[1m[2m    4.37 kB[22m[1m[22m[2m │ gzip:     1.01 kB[22m
[2m../../../../../private/var/folders/sv/t9qj9z797zv8rvjlh9gqk9140000gn/T/chromatic--75568-XNOCkeUamr2b/[22m[2massets/[22m[36mCard.stories-DbnA1Pzf.js                          [39m[1m[2m    4.43 kB[22m[1m[22m[2m │ gzip:     1.35 kB[22m
[2m../../../../../private/var/folders/sv/t9qj9z797zv8rvjlh9gqk9140000gn/T/chromatic--75568-XNOCkeUamr2b/[22m[2massets/[22m[36mtcl-dwOrl1Do.js                                   [39m[1m[2m    4.43 kB[22m[1m[22m[2m │ gzip:     1.52 kB[22m
[2m../../../../../private/var/folders/sv/t9qj9z797zv8rvjlh9gqk9140000gn/T/chromatic--75568-XNOCkeUamr2b/[22m[2massets/[22m[36mnextflow-C-mBbutL.js                              [39m[1m[2m    4.51 kB[22m[1m[22m[2m │ gzip:     1.17 kB[22m
[2m../../../../../private/var/folders/sv/t9qj9z797zv8rvjlh9gqk9140000gn/T/chromatic--75568-XNOCkeUamr2b/[22m[2massets/[22m[36mrosmsg-BJDFO7_C.js                                [39m[1m[2m    4.52 kB[22m[1m[22m[2m │ gzip:     1.06 kB[22m
[2m../../../../../private/var/folders/sv/t9qj9z797zv8rvjlh9gqk9140000gn/T/chromatic--75568-XNOCkeUamr2b/[22m[2massets/[22m[36mhttp-jrhK8wxY.js                                  [39m[1m[2m    4.55 kB[22m[1m[22m[2m │ gzip:     1.12 kB[22m
[2m../../../../../private/var/folders/sv/t9qj9z797zv8rvjlh9gqk9140000gn/T/chromatic--75568-XNOCkeUamr2b/[22m[2massets/[22m[36mpolar-C0HS_06l.js                                 [39m[1m[2m    4.67 kB[22m[1m[22m[2m │ gzip:     1.12 kB[22m
[2m../../../../../private/var/folders/sv/t9qj9z797zv8rvjlh9gqk9140000gn/T/chromatic--75568-XNOCkeUamr2b/[22m[2massets/[22m[36msdbl-DVxCFoDh.js                                  [39m[1m[2m    4.70 kB[22m[1m[22m[2m │ gzip:     2.01 kB[22m
[2m../../../../../private/var/folders/sv/t9qj9z797zv8rvjlh9gqk9140000gn/T/chromatic--75568-XNOCkeUamr2b/[22m[2massets/[22m[36mfennel-BYunw83y.js                                [39m[1m[2m    4.77 kB[22m[1m[22m[2m │ gzip:     1.53 kB[22m
[2m../../../../../private/var/folders/sv/t9qj9z797zv8rvjlh9gqk9140000gn/T/chromatic--75568-XNOCkeUamr2b/[22m[2massets/[22m[36mbibtex-CHM0blh-.js                                [39m[1m[2m    4.80 kB[22m[1m[22m[2m │ gzip:     0.83 kB[22m
[2m../../../../../private/var/folders/sv/t9qj9z797zv8rvjlh9gqk9140000gn/T/chromatic--75568-XNOCkeUamr2b/[22m[2massets/[22m[36mFloatingSheetFrame-D-O6HyDD.js                    [39m[1m[2m    4.95 kB[22m[1m[22m[2m │ gzip:     1.85 kB[22m
[2m../../../../../private/var/folders/sv/t9qj9z797zv8rvjlh9gqk9140000gn/T/chromatic--75568-XNOCkeUamr2b/[22m[2massets/[22m[36mAlert.stories-E7WhviPB.js                         [39m[1m[2m    5.02 kB[22m[1m[22m[2m │ gzip:     1.65 kB[22m
[2m../../../../../private/var/folders/sv/t9qj9z797zv8rvjlh9gqk9140000gn/T/chromatic--75568-XNOCkeUamr2b/[22m[2massets/[22m[36mllvm-DjAJT7YJ.js                                  [39m[1m[2m    5.05 kB[22m[1m[22m[2m │ gzip:     2.01 kB[22m
[2m../../../../../private/var/folders/sv/t9qj9z797zv8rvjlh9gqk9140000gn/T/chromatic--75568-XNOCkeUamr2b/[22m[2massets/[22m[36mpreview-B8lJiyuQ.js                               [39m[1m[2m    5.06 kB[22m[1m[22m[2m │ gzip:     1.88 kB[22m
[2m../../../../../private/var/folders/sv/t9qj9z797zv8rvjlh9gqk9140000gn/T/chromatic--75568-XNOCkeUamr2b/[22m[2massets/[22m[36mSelect.stories-L75GgBTi.js                        [39m[1m[2m    5.13 kB[22m[1m[22m[2m │ gzip:     1.42 kB[22m
[2m../../../../../private/var/folders/sv/t9qj9z797zv8rvjlh9gqk9140000gn/T/chromatic--75568-XNOCkeUamr2b/[22m[2massets/[22m[36mwgsl-Dx-B1_4e.js                                  [39m[1m[2m    5.14 kB[22m[1m[22m[2m │ gzip:     1.39 kB[22m
[2m../../../../../private/var/folders/sv/t9qj9z797zv8rvjlh9gqk9140000gn/T/chromatic--75568-XNOCkeUamr2b/[22m[2massets/[22m[36mFilterPanel.v1-Q5TwXvu5.js                        [39m[1m[2m    5.20 kB[22m[1m[22m[2m │ gzip:     1.66 kB[22m
[2m../../../../../private/var/folders/sv/t9qj9z797zv8rvjlh9gqk9140000gn/T/chromatic--75568-XNOCkeUamr2b/[22m[2massets/[22m[36mBeforeYouAddAComponent-DfVT8v3Q.js                [39m[1m[2m    5.24 kB[22m[1m[22m[2m │ gzip:     1.72 kB[22m
[2m../../../../../private/var/folders/sv/t9qj9z797zv8rvjlh9gqk9140000gn/T/chromatic--75568-XNOCkeUamr2b/[22m[2massets/[22m[36mgdresource-BOOCDP_w.js                            [39m[1m[2m    5.29 kB[22m[1m[22m[2m │ gzip:     1.34 kB[22m
[2m../../../../../private/var/folders/sv/t9qj9z797zv8rvjlh9gqk9140000gn/T/chromatic--75568-XNOCkeUamr2b/[22m[2massets/[22m[36mqml-3beO22l8.js                                   [39m[1m[2m    5.34 kB[22m[1m[22m[2m │ gzip:     1.38 kB[22m
[2m../../../../../private/var/folders/sv/t9qj9z797zv8rvjlh9gqk9140000gn/T/chromatic--75568-XNOCkeUamr2b/[22m[2massets/[22m[36mzig-VOosw3JB.js                                   [39m[1m[2m    5.34 kB[22m[1m[22m[2m │ gzip:     1.55 kB[22m
[2m../../../../../private/var/folders/sv/t9qj9z797zv8rvjlh9gqk9140000gn/T/chromatic--75568-XNOCkeUamr2b/[22m[2massets/[22m[36mdax-CEL-wOlO.js                                   [39m[1m[2m    5.37 kB[22m[1m[22m[2m │ gzip:     2.23 kB[22m
[2m../../../../../private/var/folders/sv/t9qj9z797zv8rvjlh9gqk9140000gn/T/chromatic--75568-XNOCkeUamr2b/[22m[2massets/[22m[36mbicep-Bmn6On1c.js                                 [39m[1m[2m    5.38 kB[22m[1m[22m[2m │ gzip:     1.15 kB[22m
[2m../../../../../private/var/folders/sv/t9qj9z797zv8rvjlh9gqk9140000gn/T/chromatic--75568-XNOCkeUamr2b/[22m[2massets/[22m[36mxml-sdJ4AIDG.js                                   [39m[1m[2m    5.38 kB[22m[1m[22m[2m │ gzip:     1.21 kB[22m
[2m../../../../../private/var/folders/sv/t9qj9z797zv8rvjlh9gqk9140000gn/T/chromatic--75568-XNOCkeUamr2b/[22m[2massets/[22m[36mL2NavLayout.v1-BhglEvi2.js                        [39m[1m[2m    5.40 kB[22m[1m[22m[2m │ gzip:     2.15 kB[22m
[2m../../../../../private/var/folders/sv/t9qj9z797zv8rvjlh9gqk9140000gn/T/chromatic--75568-XNOCkeUamr2b/[22m[2massets/[22m[36mDocComponents-CSwTk1vP.js                         [39m[1m[2m    5.43 kB[22m[1m[22m[2m │ gzip:     1.43 kB[22m
[2m../../../../../private/var/folders/sv/t9qj9z797zv8rvjlh9gqk9140000gn/T/chromatic--75568-XNOCkeUamr2b/[22m[2massets/[22m[36mawk-DMzUqQB5.js                                   [39m[1m[2m    5.46 kB[22m[1m[22m[2m │ gzip:     1.38 kB[22m
[2m../../../../../private/var/folders/sv/t9qj9z797zv8rvjlh9gqk9140000gn/T/chromatic--75568-XNOCkeUamr2b/[22m[2massets/[22m[36mcoq-DkFqJrB1.js                                   [39m[1m[2m    5.53 kB[22m[1m[22m[2m │ gzip:     1.92 kB[22m
[2m../../../../../private/var/folders/sv/t9qj9z797zv8rvjlh9gqk9140000gn/T/chromatic--75568-XNOCkeUamr2b/[22m[2massets/[22m[36mindex-ih8Vg0k1.js                                 [39m[1m[2m    5.54 kB[22m[1m[22m[2m │ gzip:     2.09 kB[22m
[2m../../../../../private/var/folders/sv/t9qj9z797zv8rvjlh9gqk9140000gn/T/chromatic--75568-XNOCkeUamr2b/[22m[2massets/[22m[36mDialog.stories-COo7uVgW.js                        [39m[1m[2m    5.65 kB[22m[1m[22m[2m │ gzip:     1.44 kB[22m
[2m../../../../../private/var/folders/sv/t9qj9z797zv8rvjlh9gqk9140000gn/T/chromatic--75568-XNOCkeUamr2b/[22m[2massets/[22m[36mjinja-f2NsQr07.js                                 [39m[1m[2m    5.69 kB[22m[1m[22m[2m │ gzip:     1.40 kB[22m
[2m../../../../../private/var/folders/sv/t9qj9z797zv8rvjlh9gqk9140000gn/T/chromatic--75568-XNOCkeUamr2b/[22m[2massets/[22m[36mTopBar.v1-Bcg8Zo5M.js                             [39m[1m[2m    5.74 kB[22m[1m[22m[2m │ gzip:     1.43 kB[22m
[2m../../../../../private/var/folders/sv/t9qj9z797zv8rvjlh9gqk9140000gn/T/chromatic--75568-XNOCkeUamr2b/[22m[2massets/[22m[36mlean-BZvkOJ9d.js                                  [39m[1m[2m    5.78 kB[22m[1m[22m[2m │ gzip:     1.92 kB[22m
[2m../../../../../private/var/folders/sv/t9qj9z797zv8rvjlh9gqk9140000gn/T/chromatic--75568-XNOCkeUamr2b/[22m[2massets/[22m[36mToggle.stories-BYXM-ohY.js                        [39m[1m[2m    5.81 kB[22m[1m[22m[2m │ gzip:     1.18 kB[22m
[2m../../../../../private/var/folders/sv/t9qj9z797zv8rvjlh9gqk9140000gn/T/chromatic--75568-XNOCkeUamr2b/[22m[2massets/[22m[36mSwitch.stories-CQ1nNSw0.js                        [39m[1m[2m    5.87 kB[22m[1m[22m[2m │ gzip:     2.24 kB[22m
[2m../../../../../private/var/folders/sv/t9qj9z797zv8rvjlh9gqk9140000gn/T/chromatic--75568-XNOCkeUamr2b/[22m[2massets/[22m[36mmoonbit-_H4v1dQx.js                               [39m[1m[2m    5.90 kB[22m[1m[22m[2m │ gzip:     1.68 kB[22m
[2m../../../../../private/var/folders/sv/t9qj9z797zv8rvjlh9gqk9140000gn/T/chromatic--75568-XNOCkeUamr2b/[22m[2massets/[22m[36mpowerquery-CEu0bR-o.js                            [39m[1m[2m    5.90 kB[22m[1m[22m[2m │ gzip:     1.52 kB[22m
[2m../../../../../private/var/folders/sv/t9qj9z797zv8rvjlh9gqk9140000gn/T/chromatic--75568-XNOCkeUamr2b/[22m[2massets/[22m[36mshaderlab-Dg9Lc6iA.js                             [39m[1m[2m    5.92 kB[22m[1m[22m[2m │ gzip:     2.08 kB[22m
[2m../../../../../private/var/folders/sv/t9qj9z797zv8rvjlh9gqk9140000gn/T/chromatic--75568-XNOCkeUamr2b/[22m[2massets/[22m[36mverilog-BQ8w6xss.js                               [39m[1m[2m    5.93 kB[22m[1m[22m[2m │ gzip:     1.89 kB[22m
[2m../../../../../private/var/folders/sv/t9qj9z797zv8rvjlh9gqk9140000gn/T/chromatic--75568-XNOCkeUamr2b/[22m[2massets/[22m[36mcypher-COkxafJQ.js                                [39m[1m[2m    5.96 kB[22m[1m[22m[2m │ gzip:     1.73 kB[22m
[2m../../../../../private/var/folders/sv/t9qj9z797zv8rvjlh9gqk9140000gn/T/chromatic--75568-XNOCkeUamr2b/[22m[2massets/[22m[36mvb-D17OF-Vu.js                                    [39m[1m[2m    6.09 kB[22m[1m[22m[2m │ gzip:     2.34 kB[22m
[2m../../../../../private/var/folders/sv/t9qj9z797zv8rvjlh9gqk9140000gn/T/chromatic--75568-XNOCkeUamr2b/[22m[2massets/[22m[36mpopover.v1-DLMiUGuE.js                            [39m[1m[2m    6.17 kB[22m[1m[22m[2m │ gzip:     2.17 kB[22m
[2m../../../../../private/var/folders/sv/t9qj9z797zv8rvjlh9gqk9140000gn/T/chromatic--75568-XNOCkeUamr2b/[22m[2massets/[22m[36mred-bN70gL4F.js                                   [39m[1m[2m    6.26 kB[22m[1m[22m[2m │ gzip:     1.60 kB[22m
[2m../../../../../private/var/folders/sv/t9qj9z797zv8rvjlh9gqk9140000gn/T/chromatic--75568-XNOCkeUamr2b/[22m[2massets/[22m[36mmin-dark-CafNBF8u.js                              [39m[1m[2m    6.29 kB[22m[1m[22m[2m │ gzip:     1.71 kB[22m
[2m../../../../../private/var/folders/sv/t9qj9z797zv8rvjlh9gqk9140000gn/T/chromatic--75568-XNOCkeUamr2b/[22m[2massets/[22m[36mInlineSelectField.stories-DtYTyfgW.js             [39m[1m[2m    6.31 kB[22m[1m[22m[2m │ gzip:     2.67 kB[22m
[2m../../../../../private/var/folders/sv/t9qj9z797zv8rvjlh9gqk9140000gn/T/chromatic--75568-XNOCkeUamr2b/[22m[2massets/[22m[36mgdshader-DkwncUOv.js                              [39m[1m[2m    6.33 kB[22m[1m[22m[2m │ gzip:     1.73 kB[22m
[2m../../../../../private/var/folders/sv/t9qj9z797zv8rvjlh9gqk9140000gn/T/chromatic--75568-XNOCkeUamr2b/[22m[2massets/[22m[36mprisma-Dd19v3D-.js                                [39m[1m[2m    6.33 kB[22m[1m[22m[2m │ gzip:     1.39 kB[22m
[2m../../../../../private/var/folders/sv/t9qj9z797zv8rvjlh9gqk9140000gn/T/chromatic--75568-XNOCkeUamr2b/[22m[2massets/[22m[36mara-BRHolxvo.js                                   [39m[1m[2m    6.36 kB[22m[1m[22m[2m │ gzip:     1.81 kB[22m
[2m../../../../../private/var/folders/sv/t9qj9z797zv8rvjlh9gqk9140000gn/T/chromatic--75568-XNOCkeUamr2b/[22m[2massets/[22m[36mBreadcrumb.stories-BGWndfpa.js                    [39m[1m[2m    6.38 kB[22m[1m[22m[2m │ gzip:     1.42 kB[22m
[2m../../../../../private/var/folders/sv/t9qj9z797zv8rvjlh9gqk9140000gn/T/chromatic--75568-XNOCkeUamr2b/[22m[2massets/[22m[36mclojure-P80f7IUj.js                               [39m[1m[2m    6.41 kB[22m[1m[22m[2m │ gzip:     1.42 kB[22m
[2m../../../../../private/var/folders/sv/t9qj9z797zv8rvjlh9gqk9140000gn/T/chromatic--75568-XNOCkeUamr2b/[22m[2massets/[22m[36mpostcss-CXtECtnM.js                               [39m[1m[2m    6.42 kB[22m[1m[22m[2m │ gzip:     1.91 kB[22m
[2m../../../../../private/var/folders/sv/t9qj9z797zv8rvjlh9gqk9140000gn/T/chromatic--75568-XNOCkeUamr2b/[22m[2massets/[22m[36mtoml-vGWfd6FD.js                                  [39m[1m[2m    6.43 kB[22m[1m[22m[2m │ gzip:     1.28 kB[22m
[2m../../../../../private/var/folders/sv/t9qj9z797zv8rvjlh9gqk9140000gn/T/chromatic--75568-XNOCkeUamr2b/[22m[2massets/[22m[36msolarized-light-L9t79GZl.js                       [39m[1m[2m    6.48 kB[22m[1m[22m[2m │ gzip:     1.73 kB[22m
[2m../../../../../private/var/folders/sv/t9qj9z797zv8rvjlh9gqk9140000gn/T/chromatic--75568-XNOCkeUamr2b/[22m[2massets/[22m[36mr-Dspwwk_N.js                                     [39m[1m[2m    6.54 kB[22m[1m[22m[2m │ gzip:     1.78 kB[22m
[2m../../../../../private/var/folders/sv/t9qj9z797zv8rvjlh9gqk9140000gn/T/chromatic--75568-XNOCkeUamr2b/[22m[2massets/[22m[36mproto-C7zT0LnQ.js                                 [39m[1m[2m    6.55 kB[22m[1m[22m[2m │ gzip:     1.42 kB[22m
[2m../../../../../private/var/folders/sv/t9qj9z797zv8rvjlh9gqk9140000gn/T/chromatic--75568-XNOCkeUamr2b/[22m[2massets/[22m[36msmalltalk-BERRCDM3.js                             [39m[1m[2m    6.59 kB[22m[1m[22m[2m │ gzip:     1.62 kB[22m
[2m../../../../../private/var/folders/sv/t9qj9z797zv8rvjlh9gqk9140000gn/T/chromatic--75568-XNOCkeUamr2b/[22m[2massets/[22m[36mtalonscript-CkByrt1z.js                           [39m[1m[2m    6.76 kB[22m[1m[22m[2m │ gzip:     1.49 kB[22m
[2m../../../../../private/var/folders/sv/t9qj9z797zv8rvjlh9gqk9140000gn/T/chromatic--75568-XNOCkeUamr2b/[22m[2massets/[22m[36mindex-yBjzXJbu.js                                 [39m[1m[2m    6.79 kB[22m[1m[22m[2m │ gzip:     2.72 kB[22m
[2m../../../../../private/var/folders/sv/t9qj9z797zv8rvjlh9gqk9140000gn/T/chromatic--75568-XNOCkeUamr2b/[22m[2massets/[22m[36mSearchAIRecommendationsPanel.stories-CyLMx7tV.js  [39m[1m[2m    6.83 kB[22m[1m[22m[2m │ gzip:     2.55 kB[22m
[2m../../../../../private/var/folders/sv/t9qj9z797zv8rvjlh9gqk9140000gn/T/chromatic--75568-XNOCkeUamr2b/[22m[2massets/[22m[36msolarized-dark-DXbdFlpD.js                        [39m[1m[2m    6.85 kB[22m[1m[22m[2m │ gzip:     1.80 kB[22m
[2m../../../../../private/var/folders/sv/t9qj9z797zv8rvjlh9gqk9140000gn/T/chromatic--75568-XNOCkeUamr2b/[22m[2massets/[22m[36mriscv-BM1_JUlF.js                                 [39m[1m[2m    6.91 kB[22m[1m[22m[2m │ gzip:     1.98 kB[22m
[2m../../../../../private/var/folders/sv/t9qj9z797zv8rvjlh9gqk9140000gn/T/chromatic--75568-XNOCkeUamr2b/[22m[2massets/[22m[36mPagination.stories-D5UHRGgZ.js                    [39m[1m[2m    6.95 kB[22m[1m[22m[2m │ gzip:     1.50 kB[22m
[2m../../../../../private/var/folders/sv/t9qj9z797zv8rvjlh9gqk9140000gn/T/chromatic--75568-XNOCkeUamr2b/[22m[2massets/[22m[36mmin-light-CTRr51gU.js                             [39m[1m[2m    6.97 kB[22m[1m[22m[2m │ gzip:     1.89 kB[22m
[2m../../../../../private/var/folders/sv/t9qj9z797zv8rvjlh9gqk9140000gn/T/chromatic--75568-XNOCkeUamr2b/[22m[2massets/[22m[36msoy-8wufbnw4.js                                   [39m[1m[2m    6.98 kB[22m[1m[22m[2m │ gzip:     1.66 kB[22m
[2m../../../../../private/var/folders/sv/t9qj9z797zv8rvjlh9gqk9140000gn/T/chromatic--75568-XNOCkeUamr2b/[22m[2massets/[22m[36mChainOfThought.stories-DdQsyrUw.js                [39m[1m[2m    7.01 kB[22m[1m[22m[2m │ gzip:     2.05 kB[22m
[2m../../../../../private/var/folders/sv/t9qj9z797zv8rvjlh9gqk9140000gn/T/chromatic--75568-XNOCkeUamr2b/[22m[2massets/[22m[36mSonner.stories-C-8qB43E.js                        [39m[1m[2m    7.13 kB[22m[1m[22m[2m │ gzip:     2.29 kB[22m
[2m../../../../../private/var/folders/sv/t9qj9z797zv8rvjlh9gqk9140000gn/T/chromatic--75568-XNOCkeUamr2b/[22m[2massets/[22m[36mscheme-C98Dy4si.js                                [39m[1m[2m    7.17 kB[22m[1m[22m[2m │ gzip:     2.05 kB[22m
[2m../../../../../private/var/folders/sv/t9qj9z797zv8rvjlh9gqk9140000gn/T/chromatic--75568-XNOCkeUamr2b/[22m[2massets/[22m[36mhlsl-D3lLCCz7.js                                  [39m[1m[2m    7.26 kB[22m[1m[22m[2m │ gzip:     2.19 kB[22m
[2m../../../../../private/var/folders/sv/t9qj9z797zv8rvjlh9gqk9140000gn/T/chromatic--75568-XNOCkeUamr2b/[22m[2massets/[22m[36mDropdownMenu.stories-ByZwm0Ib.js                  [39m[1m[2m    7.45 kB[22m[1m[22m[2m │ gzip:     1.97 kB[22m
[2m../../../../../private/var/folders/sv/t9qj9z797zv8rvjlh9gqk9140000gn/T/chromatic--75568-XNOCkeUamr2b/[22m[2massets/[22m[36mqss-IeuSbFQv.js                                   [39m[1m[2m    7.47 kB[22m[1m[22m[2m │ gzip:     2.58 kB[22m
[2m../../../../../private/var/folders/sv/t9qj9z797zv8rvjlh9gqk9140000gn/T/chromatic--75568-XNOCkeUamr2b/[22m[2massets/[22m[36mpreview-BWzBA1C2.js                               [39m[1m[2m    7.62 kB[22m[1m[22m[2m │ gzip:     1.56 kB[22m
[2m../../../../../private/var/folders/sv/t9qj9z797zv8rvjlh9gqk9140000gn/T/chromatic--75568-XNOCkeUamr2b/[22m[2massets/[22m[36mPromptInput.stories-Cu_63Fl7.js                   [39m[1m[2m    7.81 kB[22m[1m[22m[2m │ gzip:     1.98 kB[22m
[2m../../../../../private/var/folders/sv/t9qj9z797zv8rvjlh9gqk9140000gn/T/chromatic--75568-XNOCkeUamr2b/[22m[2massets/[22m[36mRadioGroup.stories-aYVWGaoJ.js                    [39m[1m[2m    7.82 kB[22m[1m[22m[2m │ gzip:     2.90 kB[22m
[2m../../../../../private/var/folders/sv/t9qj9z797zv8rvjlh9gqk9140000gn/T/chromatic--75568-XNOCkeUamr2b/[22m[2massets/[22m[36mAccountSettingsSheet.stories-MrlJZ6KC.js          [39m[1m[2m    7.86 kB[22m[1m[22m[2m │ gzip:     2.74 kB[22m
[2m../../../../../private/var/folders/sv/t9qj9z797zv8rvjlh9gqk9140000gn/T/chromatic--75568-XNOCkeUamr2b/[22m[2massets/[22m[36msystemd-4A_iFExJ.js                               [39m[1m[2m    7.87 kB[22m[1m[22m[2m │ gzip:     2.55 kB[22m
[2m../../../../../private/var/folders/sv/t9qj9z797zv8rvjlh9gqk9140000gn/T/chromatic--75568-XNOCkeUamr2b/[22m[2massets/[22m[36mmonokai-D4h5O-jR.js                               [39m[1m[2m    7.88 kB[22m[1m[22m[2m │ gzip:     1.91 kB[22m
[2m../../../../../private/var/folders/sv/t9qj9z797zv8rvjlh9gqk9140000gn/T/chromatic--75568-XNOCkeUamr2b/[22m[2massets/[22m[36mregexp-CDVJQ6XC.js                                [39m[1m[2m    7.99 kB[22m[1m[22m[2m │ gzip:     1.42 kB[22m
[2m../../../../../private/var/folders/sv/t9qj9z797zv8rvjlh9gqk9140000gn/T/chromatic--75568-XNOCkeUamr2b/[22m[2massets/[22m[36mpreview-CPX9RCe3.js                               [39m[1m[2m    8.10 kB[22m[1m[22m[2m │ gzip:     3.09 kB[22m
[2m../../../../../private/var/folders/sv/t9qj9z797zv8rvjlh9gqk9140000gn/T/chromatic--75568-XNOCkeUamr2b/[22m[2massets/[22m[36mhaml-D5jkg6IW.js                                  [39m[1m[2m    8.26 kB[22m[1m[22m[2m │ gzip:     1.81 kB[22m
[2m../../../../../private/var/folders/sv/t9qj9z797zv8rvjlh9gqk9140000gn/T/chromatic--75568-XNOCkeUamr2b/[22m[2massets/[22m[36mPopover.stories-DBTzePUn.js                       [39m[1m[2m    8.34 kB[22m[1m[22m[2m │ gzip:     2.04 kB[22m
[2m../../../../../private/var/folders/sv/t9qj9z797zv8rvjlh9gqk9140000gn/T/chromatic--75568-XNOCkeUamr2b/[22m[2massets/[22m[36mtypst-DHCkPAjA.js                                 [39m[1m[2m    8.39 kB[22m[1m[22m[2m │ gzip:     1.67 kB[22m
[2m../../../../../private/var/folders/sv/t9qj9z797zv8rvjlh9gqk9140000gn/T/chromatic--75568-XNOCkeUamr2b/[22m[2massets/[22m[36mvue-html-AaS7Mt5G.js                              [39m[1m[2m    8.47 kB[22m[1m[22m[2m │ gzip:     1.68 kB[22m
[2m../../../../../private/var/folders/sv/t9qj9z797zv8rvjlh9gqk9140000gn/T/chromatic--75568-XNOCkeUamr2b/[22m[2massets/[22m[36mplsql-ChMvpjG-.js                                 [39m[1m[2m    8.51 kB[22m[1m[22m[2m │ gzip:     3.00 kB[22m
[2m../../../../../private/var/folders/sv/t9qj9z797zv8rvjlh9gqk9140000gn/T/chromatic--75568-XNOCkeUamr2b/[22m[2massets/[22m[36mdart-bE4Kk8sk.js                                  [39m[1m[2m    8.62 kB[22m[1m[22m[2m │ gzip:     2.00 kB[22m
[2m../../../../../private/var/folders/sv/t9qj9z797zv8rvjlh9gqk9140000gn/T/chromatic--75568-XNOCkeUamr2b/[22m[2massets/[22m[36mCollapsible.stories-CHhwEBR2.js                   [39m[1m[2m    8.69 kB[22m[1m[22m[2m │ gzip:     2.32 kB[22m
[2m../../../../../private/var/folders/sv/t9qj9z797zv8rvjlh9gqk9140000gn/T/chromatic--75568-XNOCkeUamr2b/[22m[2massets/[22m[36mMonitorNotificationsContext-BxlwyTsH.js           [39m[1m[2m    8.72 kB[22m[1m[22m[2m │ gzip:     3.04 kB[22m
[2m../../../../../private/var/folders/sv/t9qj9z797zv8rvjlh9gqk9140000gn/T/chromatic--75568-XNOCkeUamr2b/[22m[2massets/[22m[36mhorizon-BUw7H-hv.js                               [39m[1m[2m    8.78 kB[22m[1m[22m[2m │ gzip:     1.96 kB[22m
[2m../../../../../private/var/folders/sv/t9qj9z797zv8rvjlh9gqk9140000gn/T/chromatic--75568-XNOCkeUamr2b/[22m[2massets/[22m[36mkotlin-BdnUsdx6.js                                [39m[1m[2m    8.79 kB[22m[1m[22m[2m │ gzip:     2.13 kB[22m
[2m../../../../../private/var/folders/sv/t9qj9z797zv8rvjlh9gqk9140000gn/T/chromatic--75568-XNOCkeUamr2b/[22m[2massets/[22m[36mhorizon-bright-CUuTKBJd.js                        [39m[1m[2m    8.79 kB[22m[1m[22m[2m │ gzip:     1.97 kB[22m
[2m../../../../../private/var/folders/sv/t9qj9z797zv8rvjlh9gqk9140000gn/T/chromatic--75568-XNOCkeUamr2b/[22m[2massets/[22m[36mmake-CHLpvVh8.js                                  [39m[1m[2m    8.96 kB[22m[1m[22m[2m │ gzip:     1.77 kB[22m
[2m../../../../../private/var/folders/sv/t9qj9z797zv8rvjlh9gqk9140000gn/T/chromatic--75568-XNOCkeUamr2b/[22m[2massets/[22m[36mandromeeda-C4gqWexZ.js                            [39m[1m[2m    9.02 kB[22m[1m[22m[2m │ gzip:     2.36 kB[22m
[2m../../../../../private/var/folders/sv/t9qj9z797zv8rvjlh9gqk9140000gn/T/chromatic--75568-XNOCkeUamr2b/[22m[2massets/[22m[36msas-cz2c8ADy.js                                   [39m[1m[2m    9.06 kB[22m[1m[22m[2m │ gzip:     3.81 kB[22m
[2m../../../../../private/var/folders/sv/t9qj9z797zv8rvjlh9gqk9140000gn/T/chromatic--75568-XNOCkeUamr2b/[22m[2massets/[22m[36mdark-plus-C3mMm8J8.js                             [39m[1m[2m    9.10 kB[22m[1m[22m[2m │ gzip:     2.10 kB[22m
[2m../../../../../private/var/folders/sv/t9qj9z797zv8rvjlh9gqk9140000gn/T/chromatic--75568-XNOCkeUamr2b/[22m[2massets/[22m[36mslack-dark-BthQWCQV.js                            [39m[1m[2m    9.12 kB[22m[1m[22m[2m │ gzip:     1.97 kB[22m
[2m../../../../../private/var/folders/sv/t9qj9z797zv8rvjlh9gqk9140000gn/T/chromatic--75568-XNOCkeUamr2b/[22m[2massets/[22m[36msass-Cj5Yp3dK.js                                  [39m[1m[2m    9.29 kB[22m[1m[22m[2m │ gzip:     2.49 kB[22m
[2m../../../../../private/var/folders/sv/t9qj9z797zv8rvjlh9gqk9140000gn/T/chromatic--75568-XNOCkeUamr2b/[22m[2massets/[22m[36mplastic-3e1v2bzS.js                               [39m[1m[2m    9.30 kB[22m[1m[22m[2m │ gzip:     1.98 kB[22m
[2m../../../../../private/var/folders/sv/t9qj9z797zv8rvjlh9gqk9140000gn/T/chromatic--75568-XNOCkeUamr2b/[22m[2massets/[22m[36mslider.v1-DPHsEEZR.js                             [39m[1m[2m    9.32 kB[22m[1m[22m[2m │ gzip:     3.65 kB[22m
[2m../../../../../private/var/folders/sv/t9qj9z797zv8rvjlh9gqk9140000gn/T/chromatic--75568-XNOCkeUamr2b/[22m[2massets/[22m[36mtooltip.v1-BmFEpbEc.js                            [39m[1m[2m    9.35 kB[22m[1m[22m[2m │ gzip:     3.34 kB[22m
[2m../../../../../private/var/folders/sv/t9qj9z797zv8rvjlh9gqk9140000gn/T/chromatic--75568-XNOCkeUamr2b/[22m[2massets/[22m[36mPhotoCarousel.stories-Iveu4NC9.js                 [39m[1m[2m    9.40 kB[22m[1m[22m[2m │ gzip:     2.82 kB[22m
[2m../../../../../private/var/folders/sv/t9qj9z797zv8rvjlh9gqk9140000gn/T/chromatic--75568-XNOCkeUamr2b/[22m[2massets/[22m[36mSheet.stories-xtThBx3q.js                         [39m[1m[2m    9.41 kB[22m[1m[22m[2m │ gzip:     2.37 kB[22m
[2m../../../../../private/var/folders/sv/t9qj9z797zv8rvjlh9gqk9140000gn/T/chromatic--75568-XNOCkeUamr2b/[22m[2massets/[22m[36mslack-ochin-DqwNpetd.js                           [39m[1m[2m    9.43 kB[22m[1m[22m[2m │ gzip:     2.10 kB[22m
[2m../../../../../private/var/folders/sv/t9qj9z797zv8rvjlh9gqk9140000gn/T/chromatic--75568-XNOCkeUamr2b/[22m[2massets/[22m[36mAccordion.stories-D83YVfo_.js                     [39m[1m[2m    9.62 kB[22m[1m[22m[2m │ gzip:     3.27 kB[22m
[2m../../../../../private/var/folders/sv/t9qj9z797zv8rvjlh9gqk9140000gn/T/chromatic--75568-XNOCkeUamr2b/[22m[2massets/[22m[36mtex-idrVyKtj.js                                   [39m[1m[2m    9.67 kB[22m[1m[22m[2m │ gzip:     3.06 kB[22m
[2m../../../../../private/var/folders/sv/t9qj9z797zv8rvjlh9gqk9140000gn/T/chromatic--75568-XNOCkeUamr2b/[22m[2massets/[22m[36mjison-wvAkD_A8.js                                 [39m[1m[2m    9.69 kB[22m[1m[22m[2m │ gzip:     1.85 kB[22m
[2m../../../../../private/var/folders/sv/t9qj9z797zv8rvjlh9gqk9140000gn/T/chromatic--75568-XNOCkeUamr2b/[22m[2massets/[22m[36mShortcutsModal.stories-DGmnWcf2.js                [39m[1m[2m    9.84 kB[22m[1m[22m[2m │ gzip:     3.27 kB[22m
[2m../../../../../private/var/folders/sv/t9qj9z797zv8rvjlh9gqk9140000gn/T/chromatic--75568-XNOCkeUamr2b/[22m[2massets/[22m[36mcmake-D1j8_8rp.js                                 [39m[1m[2m    9.86 kB[22m[1m[22m[2m │ gzip:     3.37 kB[22m
[2m../../../../../private/var/folders/sv/t9qj9z797zv8rvjlh9gqk9140000gn/T/chromatic--75568-XNOCkeUamr2b/[22m[2massets/[22m[36mlight-plus-B7mTdjB0.js                            [39m[1m[2m    9.94 kB[22m[1m[22m[2m │ gzip:     2.27 kB[22m
[2m../../../../../private/var/folders/sv/t9qj9z797zv8rvjlh9gqk9140000gn/T/chromatic--75568-XNOCkeUamr2b/[22m[2massets/[22m[36mhcl-BWvSN4gD.js                                   [39m[1m[2m   10.05 kB[22m[1m[22m[2m │ gzip:     1.93 kB[22m
[2m../../../../../private/var/folders/sv/t9qj9z797zv8rvjlh9gqk9140000gn/T/chromatic--75568-XNOCkeUamr2b/[22m[2massets/[22m[36mSocialPostPreviewSheet.stories-43X_rqYH.js        [39m[1m[2m   10.12 kB[22m[1m[22m[2m │ gzip:     3.73 kB[22m
[2m../../../../../private/var/folders/sv/t9qj9z797zv8rvjlh9gqk9140000gn/T/chromatic--75568-XNOCkeUamr2b/[22m[2massets/[22m[36mpkl-u5AG7uiY.js                                   [39m[1m[2m   10.37 kB[22m[1m[22m[2m │ gzip:     1.38 kB[22m
[2m../../../../../private/var/folders/sv/t9qj9z797zv8rvjlh9gqk9140000gn/T/chromatic--75568-XNOCkeUamr2b/[22m[2massets/[22m[36mbeancount-k_qm7-4y.js                             [39m[1m[2m   10.37 kB[22m[1m[22m[2m │ gzip:     1.44 kB[22m
[2m../../../../../private/var/folders/sv/t9qj9z797zv8rvjlh9gqk9140000gn/T/chromatic--75568-XNOCkeUamr2b/[22m[2massets/[22m[36mReviewsL2Nav.stories-8l99qFC4.js                  [39m[1m[2m   10.38 kB[22m[1m[22m[2m │ gzip:     2.75 kB[22m
[2m../../../../../private/var/folders/sv/t9qj9z797zv8rvjlh9gqk9140000gn/T/chromatic--75568-XNOCkeUamr2b/[22m[2massets/[22m[36mnextflow-groovy-vE_lwT2v.js                       [39m[1m[2m   10.44 kB[22m[1m[22m[2m │ gzip:     2.14 kB[22m
[2m../../../../../private/var/folders/sv/t9qj9z797zv8rvjlh9gqk9140000gn/T/chromatic--75568-XNOCkeUamr2b/[22m[2massets/[22m[36mToggleGroup.stories-C9TVzJU7.js                   [39m[1m[2m   10.45 kB[22m[1m[22m[2m │ gzip:     2.49 kB[22m
[2m../../../../../private/var/folders/sv/t9qj9z797zv8rvjlh9gqk9140000gn/T/chromatic--75568-XNOCkeUamr2b/[22m[2massets/[22m[36mdream-maker-BtqSS_iP.js                           [39m[1m[2m   10.47 kB[22m[1m[22m[2m │ gzip:     2.25 kB[22m
[2m../../../../../private/var/folders/sv/t9qj9z797zv8rvjlh9gqk9140000gn/T/chromatic--75568-XNOCkeUamr2b/[22m[2massets/[22m[36mraku-DXvB9xmW.js                                  [39m[1m[2m   10.47 kB[22m[1m[22m[2m │ gzip:     2.94 kB[22m
[2m../../../../../private/var/folders/sv/t9qj9z797zv8rvjlh9gqk9140000gn/T/chromatic--75568-XNOCkeUamr2b/[22m[2massets/[22m[36myaml-Buea-lGh.js                                  [39m[1m[2m   10.51 kB[22m[1m[22m[2m │ gzip:     2.27 kB[22m
[2m../../../../../private/var/folders/sv/t9qj9z797zv8rvjlh9gqk9140000gn/T/chromatic--75568-XNOCkeUamr2b/[22m[2massets/[22m[36mrst-CRjBmOyv.js                                   [39m[1m[2m   10.67 kB[22m[1m[22m[2m │ gzip:     2.42 kB[22m
[2m../../../../../private/var/folders/sv/t9qj9z797zv8rvjlh9gqk9140000gn/T/chromatic--75568-XNOCkeUamr2b/[22m[2massets/[22m[36melm-DbKCFpqz.js                                   [39m[1m[2m   10.97 kB[22m[1m[22m[2m │ gzip:     2.12 kB[22m
[2m../../../../../private/var/folders/sv/t9qj9z797zv8rvjlh9gqk9140000gn/T/chromatic--75568-XNOCkeUamr2b/[22m[2massets/[22m[36mAreaChart-Cu79iM4j.js                             [39m[1m[2m   11.05 kB[22m[1m[22m[2m │ gzip:     4.10 kB[22m
[2m../../../../../private/var/folders/sv/t9qj9z797zv8rvjlh9gqk9140000gn/T/chromatic--75568-XNOCkeUamr2b/[22m[2massets/[22m[36mjust-VxiPbLrw.js                                  [39m[1m[2m   11.16 kB[22m[1m[22m[2m │ gzip:     2.79 kB[22m
[2m../../../../../private/var/folders/sv/t9qj9z797zv8rvjlh9gqk9140000gn/T/chromatic--75568-XNOCkeUamr2b/[22m[2massets/[22m[36mgithub-light-DAi9KRSo.js                          [39m[1m[2m   11.18 kB[22m[1m[22m[2m │ gzip:     2.51 kB[22m
[2m../../../../../private/var/folders/sv/t9qj9z797zv8rvjlh9gqk9140000gn/T/chromatic--75568-XNOCkeUamr2b/[22m[2massets/[22m[36mdropdown-menu.v1-SF5PHMu2.js                      [39m[1m[2m   11.19 kB[22m[1m[22m[2m │ gzip:     2.80 kB[22m
[2m../../../../../private/var/folders/sv/t9qj9z797zv8rvjlh9gqk9140000gn/T/chromatic--75568-XNOCkeUamr2b/[22m[2massets/[22m[36mLineChart-D2TYLJf7.js                             [39m[1m[2m   11.21 kB[22m[1m[22m[2m │ gzip:     4.33 kB[22m
[2m../../../../../private/var/folders/sv/t9qj9z797zv8rvjlh9gqk9140000gn/T/chromatic--75568-XNOCkeUamr2b/[22m[2massets/[22m[36mVoiceAndTone.stories-Bbiv3Hax.js                  [39m[1m[2m   11.23 kB[22m[1m[22m[2m │ gzip:     3.44 kB[22m
[2m../../../../../private/var/folders/sv/t9qj9z797zv8rvjlh9gqk9140000gn/T/chromatic--75568-XNOCkeUamr2b/[22m[2massets/[22m[36mAlertDialog.stories-ByFCYZH_.js                   [39m[1m[2m   11.31 kB[22m[1m[22m[2m │ gzip:     3.17 kB[22m
[2m../../../../../private/var/folders/sv/t9qj9z797zv8rvjlh9gqk9140000gn/T/chromatic--75568-XNOCkeUamr2b/[22m[2massets/[22m[36mprolog-CbFg5uaA.js                                [39m[1m[2m   11.36 kB[22m[1m[22m[2m │ gzip:     3.83 kB[22m
[2m../../../../../private/var/folders/sv/t9qj9z797zv8rvjlh9gqk9140000gn/T/chromatic--75568-XNOCkeUamr2b/[22m[2massets/[22m[36mterraform-BETggiCN.js                             [39m[1m[2m   11.39 kB[22m[1m[22m[2m │ gzip:     2.51 kB[22m
[2m../../../../../private/var/folders/sv/t9qj9z797zv8rvjlh9gqk9140000gn/T/chromatic--75568-XNOCkeUamr2b/[22m[2massets/[22m[36mgithub-dark-DHJKELXO.js                           [39m[1m[2m   11.41 kB[22m[1m[22m[2m │ gzip:     2.55 kB[22m
[2m../../../../../private/var/folders/sv/t9qj9z797zv8rvjlh9gqk9140000gn/T/chromatic--75568-XNOCkeUamr2b/[22m[2massets/[22m[36mpuppet-BMWR74SV.js                                [39m[1m[2m   11.44 kB[22m[1m[22m[2m │ gzip:     2.11 kB[22m
[2m../../../../../private/var/folders/sv/t9qj9z797zv8rvjlh9gqk9140000gn/T/chromatic--75568-XNOCkeUamr2b/[22m[2massets/[22m[36mlaserwave-DUszq2jm.js                             [39m[1m[2m   11.50 kB[22m[1m[22m[2m │ gzip:     2.58 kB[22m
[2m../../../../../private/var/folders/sv/t9qj9z797zv8rvjlh9gqk9140000gn/T/chromatic--75568-XNOCkeUamr2b/[22m[2massets/[22m[36mFilterPane.stories-B38GJE2Y.js                    [39m[1m[2m   11.65 kB[22m[1m[22m[2m │ gzip:     3.55 kB[22m
[2m../../../../../private/var/folders/sv/t9qj9z797zv8rvjlh9gqk9140000gn/T/chromatic--75568-XNOCkeUamr2b/[22m[2massets/[22m[36mgherkin-DyxjwDmM.js                               [39m[1m[2m   11.95 kB[22m[1m[22m[2m │ gzip:     5.05 kB[22m
[2m../../../../../private/var/folders/sv/t9qj9z797zv8rvjlh9gqk9140000gn/T/chromatic--75568-XNOCkeUamr2b/[22m[2massets/[22m[36mwasm-MzD3tlZU.js                                  [39m[1m[2m   12.01 kB[22m[1m[22m[2m │ gzip:     2.19 kB[22m
[2m../../../../../private/var/folders/sv/t9qj9z797zv8rvjlh9gqk9140000gn/T/chromatic--75568-XNOCkeUamr2b/[22m[2massets/[22m[36mhjson-D5-asLiD.js                                 [39m[1m[2m   12.05 kB[22m[1m[22m[2m │ gzip:     1.64 kB[22m
[2m../../../../../private/var/folders/sv/t9qj9z797zv8rvjlh9gqk9140000gn/T/chromatic--75568-XNOCkeUamr2b/[22m[2massets/[22m[36mhandlebars-BpdQsYii.js                            [39m[1m[2m   12.15 kB[22m[1m[22m[2m │ gzip:     2.38 kB[22m
[2m../../../../../private/var/folders/sv/t9qj9z797zv8rvjlh9gqk9140000gn/T/chromatic--75568-XNOCkeUamr2b/[22m[2massets/[22m[36mapache-Pmp26Uib.js                                [39m[1m[2m   12.46 kB[22m[1m[22m[2m │ gzip:     3.72 kB[22m
[2m../../../../../private/var/folders/sv/t9qj9z797zv8rvjlh9gqk9140000gn/T/chromatic--75568-XNOCkeUamr2b/[22m[2massets/[22m[36mvesper-DU1UobuO.js                                [39m[1m[2m   12.69 kB[22m[1m[22m[2m │ gzip:     1.97 kB[22m
[2m../../../../../private/var/folders/sv/t9qj9z797zv8rvjlh9gqk9140000gn/T/chromatic--75568-XNOCkeUamr2b/[22m[2massets/[22m[36mbat-BkioyH1T.js                                   [39m[1m[2m   12.89 kB[22m[1m[22m[2m │ gzip:     3.22 kB[22m
[2m../../../../../private/var/folders/sv/t9qj9z797zv8rvjlh9gqk9140000gn/T/chromatic--75568-XNOCkeUamr2b/[22m[2massets/[22m[36mfish-BvzEVeQv.js                                  [39m[1m[2m   13.04 kB[22m[1m[22m[2m │ gzip:     1.74 kB[22m
[2m../../../../../private/var/folders/sv/t9qj9z797zv8rvjlh9gqk9140000gn/T/chromatic--75568-XNOCkeUamr2b/[22m[2massets/[22m[36mtest-utils-gp_aAAPj.js                            [39m[1m[2m   13.08 kB[22m[1m[22m[2m │ gzip:     5.10 kB[22m
[2m../../../../../private/var/folders/sv/t9qj9z797zv8rvjlh9gqk9140000gn/T/chromatic--75568-XNOCkeUamr2b/[22m[2massets/[22m[36mHoverCard.stories-BuIJAJJV.js                     [39m[1m[2m   13.13 kB[22m[1m[22m[2m │ gzip:     3.65 kB[22m
[2m../../../../../private/var/folders/sv/t9qj9z797zv8rvjlh9gqk9140000gn/T/chromatic--75568-XNOCkeUamr2b/[22m[2massets/[22m[36mv-BcVCzyr7.js                                     [39m[1m[2m   13.21 kB[22m[1m[22m[2m │ gzip:     2.74 kB[22m
[2m../../../../../private/var/folders/sv/t9qj9z797zv8rvjlh9gqk9140000gn/T/chromatic--75568-XNOCkeUamr2b/[22m[2massets/[22m[36mvitesse-light-CVO1_9PV.js                         [39m[1m[2m   13.62 kB[22m[1m[22m[2m │ gzip:     3.04 kB[22m
[2m../../../../../private/var/folders/sv/t9qj9z797zv8rvjlh9gqk9140000gn/T/chromatic--75568-XNOCkeUamr2b/[22m[2massets/[22m[36mContactsView.stories-DYyoWQxP.js                  [39m[1m[2m   13.65 kB[22m[1m[22m[2m │ gzip:     3.75 kB[22m
[2m../../../../../private/var/folders/sv/t9qj9z797zv8rvjlh9gqk9140000gn/T/chromatic--75568-XNOCkeUamr2b/[22m[2massets/[22m[36maurora-x-D-2ljcwZ.js                              [39m[1m[2m   13.66 kB[22m[1m[22m[2m │ gzip:     2.28 kB[22m
[2m../../../../../private/var/folders/sv/t9qj9z797zv8rvjlh9gqk9140000gn/T/chromatic--75568-XNOCkeUamr2b/[22m[2massets/[22m[36mvitesse-black-Bkuqu6BP.js                         [39m[1m[2m   13.68 kB[22m[1m[22m[2m │ gzip:     3.06 kB[22m
[2m../../../../../private/var/folders/sv/t9qj9z797zv8rvjlh9gqk9140000gn/T/chromatic--75568-XNOCkeUamr2b/[22m[2massets/[22m[36mChart.stories-Cuqx3EM1.js                         [39m[1m[2m   13.73 kB[22m[1m[22m[2m │ gzip:     3.97 kB[22m
[2m../../../../../private/var/folders/sv/t9qj9z797zv8rvjlh9gqk9140000gn/T/chromatic--75568-XNOCkeUamr2b/[22m[2massets/[22m[36mvitesse-dark-D0r3Knsf.js                          [39m[1m[2m   13.76 kB[22m[1m[22m[2m │ gzip:     3.06 kB[22m
[2m../../../../../private/var/folders/sv/t9qj9z797zv8rvjlh9gqk9140000gn/T/chromatic--75568-XNOCkeUamr2b/[22m[2massets/[22m[36mindex-DmzzJych.js                                 [39m[1m[2m   13.83 kB[22m[1m[22m[2m │ gzip:     4.63 kB[22m
[2m../../../../../private/var/folders/sv/t9qj9z797zv8rvjlh9gqk9140000gn/T/chromatic--75568-XNOCkeUamr2b/[22m[2massets/[22m[36mpug-DKIMFp6K.js                                   [39m[1m[2m   13.84 kB[22m[1m[22m[2m │ gzip:     2.58 kB[22m
[2m../../../../../private/var/folders/sv/t9qj9z797zv8rvjlh9gqk9140000gn/T/chromatic--75568-XNOCkeUamr2b/[22m[2massets/[22m[36mluau-C-HG3fhB.js                                  [39m[1m[2m   13.96 kB[22m[1m[22m[2m │ gzip:     3.18 kB[22m
[2m../../../../../private/var/folders/sv/t9qj9z797zv8rvjlh9gqk9140000gn/T/chromatic--75568-XNOCkeUamr2b/[22m[2massets/[22m[36msynthwave-84-CbfX1IO0.js                          [39m[1m[2m   14.04 kB[22m[1m[22m[2m │ gzip:     2.87 kB[22m
[2m../../../../../private/var/folders/sv/t9qj9z797zv8rvjlh9gqk9140000gn/T/chromatic--75568-XNOCkeUamr2b/[22m[2massets/[22m[36mgithub-light-default-D7oLnXFd.js                  [39m[1m[2m   14.16 kB[22m[1m[22m[2m │ gzip:     3.04 kB[22m
[2m../../../../../private/var/folders/sv/t9qj9z797zv8rvjlh9gqk9140000gn/T/chromatic--75568-XNOCkeUamr2b/[22m[2massets/[22m[36mclarity-D53aC0YG.js                               [39m[1m[2m   14.28 kB[22m[1m[22m[2m │ gzip:     2.46 kB[22m
[2m../../../../../private/var/folders/sv/t9qj9z797zv8rvjlh9gqk9140000gn/T/chromatic--75568-XNOCkeUamr2b/[22m[2massets/[22m[36mgithub-light-high-contrast-BfjtVDDH.js            [39m[1m[2m   14.28 kB[22m[1m[22m[2m │ gzip:     3.02 kB[22m
[2m../../../../../private/var/folders/sv/t9qj9z797zv8rvjlh9gqk9140000gn/T/chromatic--75568-XNOCkeUamr2b/[22m[2massets/[22m[36mgithub-dark-dimmed-DH5Ifo-i.js                    [39m[1m[2m   14.43 kB[22m[1m[22m[2m │ gzip:     3.13 kB[22m
[2m../../../../../private/var/folders/sv/t9qj9z797zv8rvjlh9gqk9140000gn/T/chromatic--75568-XNOCkeUamr2b/[22m[2massets/[22m[36mgithub-dark-default-Cuk6v7N8.js                   [39m[1m[2m   14.44 kB[22m[1m[22m[2m │ gzip:     3.13 kB[22m
[2m../../../../../private/var/folders/sv/t9qj9z797zv8rvjlh9gqk9140000gn/T/chromatic--75568-XNOCkeUamr2b/[22m[2massets/[22m[36mgithub-dark-high-contrast-E3gJ1_iC.js             [39m[1m[2m   14.60 kB[22m[1m[22m[2m │ gzip:     3.09 kB[22m
[2m../../../../../private/var/folders/sv/t9qj9z797zv8rvjlh9gqk9140000gn/T/chromatic--75568-XNOCkeUamr2b/[22m[2massets/[22m[36mAgentLibrary.stories-DikW-kma.js                  [39m[1m[2m   14.74 kB[22m[1m[22m[2m │ gzip:     4.91 kB[22m
[2m../../../../../private/var/folders/sv/t9qj9z797zv8rvjlh9gqk9140000gn/T/chromatic--75568-XNOCkeUamr2b/[22m[2massets/[22m[36mgnuplot-DdkO51Og.js                               [39m[1m[2m   14.78 kB[22m[1m[22m[2m │ gzip:     3.27 kB[22m
[2m../../../../../private/var/folders/sv/t9qj9z797zv8rvjlh9gqk9140000gn/T/chromatic--75568-XNOCkeUamr2b/[22m[2massets/[22m[36mrust-B1yitclQ.js                                  [39m[1m[2m   15.07 kB[22m[1m[22m[2m │ gzip:     2.72 kB[22m
[2m../../../../../private/var/folders/sv/t9qj9z797zv8rvjlh9gqk9140000gn/T/chromatic--75568-XNOCkeUamr2b/[22m[2massets/[22m[36mkusto-wEQ09or8.js                                 [39m[1m[2m   15.17 kB[22m[1m[22m[2m │ gzip:     3.92 kB[22m
[2m../../../../../private/var/folders/sv/t9qj9z797zv8rvjlh9gqk9140000gn/T/chromatic--75568-XNOCkeUamr2b/[22m[2massets/[22m[36mactionscript-3-CoDkCxhg.js                        [39m[1m[2m   15.21 kB[22m[1m[22m[2m │ gzip:     2.66 kB[22m
[2m../../../../../private/var/folders/sv/t9qj9z797zv8rvjlh9gqk9140000gn/T/chromatic--75568-XNOCkeUamr2b/[22m[2massets/[22m[36mnix-CwoSXNpI.js                                   [39m[1m[2m   15.51 kB[22m[1m[22m[2m │ gzip:     2.48 kB[22m
[2m../../../../../private/var/folders/sv/t9qj9z797zv8rvjlh9gqk9140000gn/T/chromatic--75568-XNOCkeUamr2b/[22m[2massets/[22m[36mlua-BaeVxFsk.js                                   [39m[1m[2m   15.54 kB[22m[1m[22m[2m │ gzip:     3.16 kB[22m
[2m../../../../../private/var/folders/sv/t9qj9z797zv8rvjlh9gqk9140000gn/T/chromatic--75568-XNOCkeUamr2b/[22m[2massets/[22m[36mabap-BdImnpbu.js                                  [39m[1m[2m   15.85 kB[22m[1m[22m[2m │ gzip:     5.91 kB[22m
[2m../../../../../private/var/folders/sv/t9qj9z797zv8rvjlh9gqk9140000gn/T/chromatic--75568-XNOCkeUamr2b/[22m[2massets/[22m[36mAppShell.stories-CiJtlcCy.js                      [39m[1m[2m   15.96 kB[22m[1m[22m[2m │ gzip:     3.62 kB[22m
[2m../../../../../private/var/folders/sv/t9qj9z797zv8rvjlh9gqk9140000gn/T/chromatic--75568-XNOCkeUamr2b/[22m[2massets/[22m[36msolidity-rGO070M0.js                              [39m[1m[2m   16.07 kB[22m[1m[22m[2m │ gzip:     3.11 kB[22m
[2m../../../../../private/var/folders/sv/t9qj9z797zv8rvjlh9gqk9140000gn/T/chromatic--75568-XNOCkeUamr2b/[22m[2massets/[22m[36mmatlab-D7o27uSR.js                                [39m[1m[2m   16.09 kB[22m[1m[22m[2m │ gzip:     3.06 kB[22m
[2m../../../../../private/var/folders/sv/t9qj9z797zv8rvjlh9gqk9140000gn/T/chromatic--75568-XNOCkeUamr2b/[22m[2massets/[22m[36mcue-D82EKSYY.js                                   [39m[1m[2m   16.20 kB[22m[1m[22m[2m │ gzip:     2.06 kB[22m
[2m../../../../../private/var/folders/sv/t9qj9z797zv8rvjlh9gqk9140000gn/T/chromatic--75568-XNOCkeUamr2b/[22m[2massets/[22m[36melixir-CkH2-t6x.js                                [39m[1m[2m   16.32 kB[22m[1m[22m[2m │ gzip:     2.80 kB[22m
[2m../../../../../private/var/folders/sv/t9qj9z797zv8rvjlh9gqk9140000gn/T/chromatic--75568-XNOCkeUamr2b/[22m[2massets/[22m[36modin-BBf5iR-q.js                                  [39m[1m[2m   16.51 kB[22m[1m[22m[2m │ gzip:     2.94 kB[22m
[2m../../../../../private/var/folders/sv/t9qj9z797zv8rvjlh9gqk9140000gn/T/chromatic--75568-XNOCkeUamr2b/[22m[2massets/[22m[36mts-tags-DQrlYJgV.js                               [39m[1m[2m   16.57 kB[22m[1m[22m[2m │ gzip:     2.07 kB[22m
[2m../../../../../private/var/folders/sv/t9qj9z797zv8rvjlh9gqk9140000gn/T/chromatic--75568-XNOCkeUamr2b/[22m[2massets/[22m[36mGrammarAndStyle.stories-CVllvliK.js               [39m[1m[2m   16.71 kB[22m[1m[22m[2m │ gzip:     4.36 kB[22m
[2m../../../../../private/var/folders/sv/t9qj9z797zv8rvjlh9gqk9140000gn/T/chromatic--75568-XNOCkeUamr2b/[22m[2massets/[22m[36mindex-MhBFZMw-.js                                 [39m[1m[2m   16.72 kB[22m[1m[22m[2m │ gzip:     6.34 kB[22m
[2m../../../../../private/var/folders/sv/t9qj9z797zv8rvjlh9gqk9140000gn/T/chromatic--75568-XNOCkeUamr2b/[22m[2massets/[22m[36mReferralsView.stories-BcITPk9L.js                 [39m[1m[2m   17.05 kB[22m[1m[22m[2m │ gzip:     4.55 kB[22m
[2m../../../../../private/var/folders/sv/t9qj9z797zv8rvjlh9gqk9140000gn/T/chromatic--75568-XNOCkeUamr2b/[22m[2massets/[22m[36mkanagawa-wave-DWedfzmr.js                         [39m[1m[2m   17.12 kB[22m[1m[22m[2m │ gzip:     2.93 kB[22m
[2m../../../../../private/var/folders/sv/t9qj9z797zv8rvjlh9gqk9140000gn/T/chromatic--75568-XNOCkeUamr2b/[22m[2massets/[22m[36mkanagawa-lotus-CfQXZHmo.js                        [39m[1m[2m   17.13 kB[22m[1m[22m[2m │ gzip:     2.93 kB[22m
[2m../../../../../private/var/folders/sv/t9qj9z797zv8rvjlh9gqk9140000gn/T/chromatic--75568-XNOCkeUamr2b/[22m[2massets/[22m[36mkanagawa-dragon-CkXjmgJE.js                       [39m[1m[2m   17.13 kB[22m[1m[22m[2m │ gzip:     2.95 kB[22m
[2m../../../../../private/var/folders/sv/t9qj9z797zv8rvjlh9gqk9140000gn/T/chromatic--75568-XNOCkeUamr2b/[22m[2massets/[22m[36mConversationStream.stories-qCk1V_v_.js            [39m[1m[2m   17.33 kB[22m[1m[22m[2m │ gzip:     6.44 kB[22m
[2m../../../../../private/var/folders/sv/t9qj9z797zv8rvjlh9gqk9140000gn/T/chromatic--75568-XNOCkeUamr2b/[22m[2massets/[22m[36mmove-IF9eRakj.js                                  [39m[1m[2m   17.51 kB[22m[1m[22m[2m │ gzip:     3.07 kB[22m
[2m../../../../../private/var/folders/sv/t9qj9z797zv8rvjlh9gqk9140000gn/T/chromatic--75568-XNOCkeUamr2b/[22m[2massets/[22m[36mCompetitorsView.stories-D_pCVGy2.js               [39m[1m[2m   17.52 kB[22m[1m[22m[2m │ gzip:     5.26 kB[22m
[2m../../../../../private/var/folders/sv/t9qj9z797zv8rvjlh9gqk9140000gn/T/chromatic--75568-XNOCkeUamr2b/[22m[2massets/[22m[36mBusinessOverviewDashboard.stories-BloG1O4q.js     [39m[1m[2m   17.61 kB[22m[1m[22m[2m │ gzip:     4.37 kB[22m
[2m../../../../../private/var/folders/sv/t9qj9z797zv8rvjlh9gqk9140000gn/T/chromatic--75568-XNOCkeUamr2b/[22m[2massets/[22m[36mInputOTP.stories-bKQsa-Pb.js                      [39m[1m[2m   17.64 kB[22m[1m[22m[2m │ gzip:     5.54 kB[22m
[2m../../../../../private/var/folders/sv/t9qj9z797zv8rvjlh9gqk9140000gn/T/chromatic--75568-XNOCkeUamr2b/[22m[2massets/[22m[36mInboxView.stories-pcfDjA-T.js                     [39m[1m[2m   17.75 kB[22m[1m[22m[2m │ gzip:     5.39 kB[22m
[2m../../../../../private/var/folders/sv/t9qj9z797zv8rvjlh9gqk9140000gn/T/chromatic--75568-XNOCkeUamr2b/[22m[2massets/[22m[36mgraphql-ChdNCCLP.js                               [39m[1m[2m   18.00 kB[22m[1m[22m[2m │ gzip:     2.52 kB[22m
[2m../../../../../private/var/folders/sv/t9qj9z797zv8rvjlh9gqk9140000gn/T/chromatic--75568-XNOCkeUamr2b/[22m[2massets/[22m[36mliquid-C0sCDyMI.js                                [39m[1m[2m   18.09 kB[22m[1m[22m[2m │ gzip:     3.16 kB[22m
[2m../../../../../private/var/folders/sv/t9qj9z797zv8rvjlh9gqk9140000gn/T/chromatic--75568-XNOCkeUamr2b/[22m[2massets/[22m[36msvelte-Cy7k_4gC.js                                [39m[1m[2m   18.24 kB[22m[1m[22m[2m │ gzip:     3.14 kB[22m
[2m../../../../../private/var/folders/sv/t9qj9z797zv8rvjlh9gqk9140000gn/T/chromatic--75568-XNOCkeUamr2b/[22m[2massets/[22m[36mContextMenu.stories-kw3jmnyk.js                   [39m[1m[2m   18.56 kB[22m[1m[22m[2m │ gzip:     4.28 kB[22m
[2m../../../../../private/var/folders/sv/t9qj9z797zv8rvjlh9gqk9140000gn/T/chromatic--75568-XNOCkeUamr2b/[22m[2massets/[22m[36mPaymentsView.stories-Ho6BJx6r.js                  [39m[1m[2m   18.60 kB[22m[1m[22m[2m │ gzip:     5.88 kB[22m
[2m../../../../../private/var/folders/sv/t9qj9z797zv8rvjlh9gqk9140000gn/T/chromatic--75568-XNOCkeUamr2b/[22m[2massets/[22m[36mmaterial-theme-D5KoaKCx.js                        [39m[1m[2m   18.62 kB[22m[1m[22m[2m │ gzip:     3.11 kB[22m
[2m../../../../../private/var/folders/sv/t9qj9z797zv8rvjlh9gqk9140000gn/T/chromatic--75568-XNOCkeUamr2b/[22m[2massets/[22m[36mmaterial-theme-darker-BfHTSMKl.js                 [39m[1m[2m   18.63 kB[22m[1m[22m[2m │ gzip:     3.11 kB[22m
[2m../../../../../private/var/folders/sv/t9qj9z797zv8rvjlh9gqk9140000gn/T/chromatic--75568-XNOCkeUamr2b/[22m[2massets/[22m[36mmaterial-theme-ocean-CyktbL80.js                  [39m[1m[2m   18.63 kB[22m[1m[22m[2m │ gzip:     3.14 kB[22m
[2m../../../../../private/var/folders/sv/t9qj9z797zv8rvjlh9gqk9140000gn/T/chromatic--75568-XNOCkeUamr2b/[22m[2massets/[22m[36mmaterial-theme-lighter-B0m2ddpp.js                [39m[1m[2m   18.63 kB[22m[1m[22m[2m │ gzip:     3.11 kB[22m
[2m../../../../../private/var/folders/sv/t9qj9z797zv8rvjlh9gqk9140000gn/T/chromatic--75568-XNOCkeUamr2b/[22m[2massets/[22m[36mmaterial-theme-palenight-Csfq5Kiy.js              [39m[1m[2m   18.64 kB[22m[1m[22m[2m │ gzip:     3.13 kB[22m
[2m../../../../../private/var/folders/sv/t9qj9z797zv8rvjlh9gqk9140000gn/T/chromatic--75568-XNOCkeUamr2b/[22m[2massets/[22m[36mScrollArea.stories-ALWgj1ve.js                    [39m[1m[2m   18.74 kB[22m[1m[22m[2m │ gzip:     5.76 kB[22m
[2m../../../../../private/var/folders/sv/t9qj9z797zv8rvjlh9gqk9140000gn/T/chromatic--75568-XNOCkeUamr2b/[22m[2massets/[22m[36mgdscript-C5YyOfLZ.js                              [39m[1m[2m   18.99 kB[22m[1m[22m[2m │ gzip:     3.75 kB[22m
[2m../../../../../private/var/folders/sv/t9qj9z797zv8rvjlh9gqk9140000gn/T/chromatic--75568-XNOCkeUamr2b/[22m[2massets/[22m[36mgroovy-gcz8RCvz.js                                [39m[1m[2m   19.18 kB[22m[1m[22m[2m │ gzip:     3.60 kB[22m
[2m../../../../../private/var/folders/sv/t9qj9z797zv8rvjlh9gqk9140000gn/T/chromatic--75568-XNOCkeUamr2b/[22m[2massets/[22m[36mMenubar.stories-BVMOQN1D.js                       [39m[1m[2m   19.20 kB[22m[1m[22m[2m │ gzip:     4.91 kB[22m
[2m../../../../../private/var/folders/sv/t9qj9z797zv8rvjlh9gqk9140000gn/T/chromatic--75568-XNOCkeUamr2b/[22m[2massets/[22m[36mmdc-DTYItulj.js                                   [39m[1m[2m   19.63 kB[22m[1m[22m[2m │ gzip:     6.66 kB[22m
[2m../../../../../private/var/folders/sv/t9qj9z797zv8rvjlh9gqk9140000gn/T/chromatic--75568-XNOCkeUamr2b/[22m[2massets/[22m[36mglimmer-js-ByusRIyA.js                            [39m[1m[2m   20.07 kB[22m[1m[22m[2m │ gzip:     2.95 kB[22m
[2m../../../../../private/var/folders/sv/t9qj9z797zv8rvjlh9gqk9140000gn/T/chromatic--75568-XNOCkeUamr2b/[22m[2massets/[22m[36mglimmer-ts-BfAWNZQY.js                            [39m[1m[2m   20.07 kB[22m[1m[22m[2m │ gzip:     2.94 kB[22m
[2m../../../../../private/var/folders/sv/t9qj9z797zv8rvjlh9gqk9140000gn/T/chromatic--75568-XNOCkeUamr2b/[22m[2massets/[22m[36mayu-dark-DYE7WIF3.js                              [39m[1m[2m   20.08 kB[22m[1m[22m[2m │ gzip:     3.94 kB[22m
[2m../../../../../private/var/folders/sv/t9qj9z797zv8rvjlh9gqk9140000gn/T/chromatic--75568-XNOCkeUamr2b/[22m[2massets/[22m[36mayu-mirage-32ctXXKs.js                            [39m[1m[2m   20.09 kB[22m[1m[22m[2m │ gzip:     3.94 kB[22m
[2m../../../../../private/var/folders/sv/t9qj9z797zv8rvjlh9gqk9140000gn/T/chromatic--75568-XNOCkeUamr2b/[22m[2massets/[22m[36mpowershell-Dpen1YoG.js                            [39m[1m[2m   20.15 kB[22m[1m[22m[2m │ gzip:     4.07 kB[22m
[2m../../../../../private/var/folders/sv/t9qj9z797zv8rvjlh9gqk9140000gn/T/chromatic--75568-XNOCkeUamr2b/[22m[2massets/[22m[36mayu-light-BA47KaF1.js                             [39m[1m[2m   20.15 kB[22m[1m[22m[2m │ gzip:     3.93 kB[22m
[2m../../../../../private/var/folders/sv/t9qj9z797zv8rvjlh9gqk9140000gn/T/chromatic--75568-XNOCkeUamr2b/[22m[2massets/[22m[36mviml-CJc9bBzg.js                                  [39m[1m[2m   20.37 kB[22m[1m[22m[2m │ gzip:     6.73 kB[22m
[2m../../../../../private/var/folders/sv/t9qj9z797zv8rvjlh9gqk9140000gn/T/chromatic--75568-XNOCkeUamr2b/[22m[2massets/[22m[36mnushell-Cz2AlsmD.js                               [39m[1m[2m   20.41 kB[22m[1m[22m[2m │ gzip:     5.22 kB[22m
[2m../../../../../private/var/folders/sv/t9qj9z797zv8rvjlh9gqk9140000gn/T/chromatic--75568-XNOCkeUamr2b/[22m[2massets/[22m[36msnazzy-light-Bw305WKR.js                          [39m[1m[2m   20.77 kB[22m[1m[22m[2m │ gzip:     3.83 kB[22m
[2m../../../../../private/var/folders/sv/t9qj9z797zv8rvjlh9gqk9140000gn/T/chromatic--75568-XNOCkeUamr2b/[22m[2massets/[22m[36mdracula-BzJJZx-M.js                               [39m[1m[2m   21.07 kB[22m[1m[22m[2m │ gzip:     4.00 kB[22m
[2m../../../../../private/var/folders/sv/t9qj9z797zv8rvjlh9gqk9140000gn/T/chromatic--75568-XNOCkeUamr2b/[22m[2massets/[22m[36mdracula-soft-BXkSAIEj.js                          [39m[1m[2m   21.08 kB[22m[1m[22m[2m │ gzip:     4.04 kB[22m
[2m../../../../../private/var/folders/sv/t9qj9z797zv8rvjlh9gqk9140000gn/T/chromatic--75568-XNOCkeUamr2b/[22m[2massets/[22m[36mtwig-xg9kU7Mw.js                                  [39m[1m[2m   21.36 kB[22m[1m[22m[2m │ gzip:     3.88 kB[22m
[2m../../../../../private/var/folders/sv/t9qj9z797zv8rvjlh9gqk9140000gn/T/chromatic--75568-XNOCkeUamr2b/[22m[2massets/[22m[36mwit-5i3qLPDT.js                                   [39m[1m[2m   21.47 kB[22m[1m[22m[2m │ gzip:     2.89 kB[22m
[2m../../../../../private/var/folders/sv/t9qj9z797zv8rvjlh9gqk9140000gn/T/chromatic--75568-XNOCkeUamr2b/[22m[2massets/[22m[36mrose-pine-qdsjHGoJ.js                             [39m[1m[2m   21.74 kB[22m[1m[22m[2m │ gzip:     3.87 kB[22m
[2m../../../../../private/var/folders/sv/t9qj9z797zv8rvjlh9gqk9140000gn/T/chromatic--75568-XNOCkeUamr2b/[22m[2massets/[22m[36mrose-pine-moon-D4_iv3hh.js                        [39m[1m[2m   21.75 kB[22m[1m[22m[2m │ gzip:     3.89 kB[22m
[2m../../../../../private/var/folders/sv/t9qj9z797zv8rvjlh9gqk9140000gn/T/chromatic--75568-XNOCkeUamr2b/[22m[2massets/[22m[36mrose-pine-dawn-DHQR4-dF.js                        [39m[1m[2m   21.75 kB[22m[1m[22m[2m │ gzip:     3.89 kB[22m
[2m../../../../../private/var/folders/sv/t9qj9z797zv8rvjlh9gqk9140000gn/T/chromatic--75568-XNOCkeUamr2b/[22m[2massets/[22m[36mListingsView.stories-DPsfgTYS.js                  [39m[1m[2m   22.08 kB[22m[1m[22m[2m │ gzip:     5.58 kB[22m
[2m../../../../../private/var/folders/sv/t9qj9z797zv8rvjlh9gqk9140000gn/T/chromatic--75568-XNOCkeUamr2b/[22m[2massets/[22m[36mnim-BIad80T-.js                                   [39m[1m[2m   22.46 kB[22m[1m[22m[2m │ gzip:     3.16 kB[22m
[2m../../../../../private/var/folders/sv/t9qj9z797zv8rvjlh9gqk9140000gn/T/chromatic--75568-XNOCkeUamr2b/[22m[2massets/[22m[36mcommon-lisp-Cg-RD9OK.js                           [39m[1m[2m   22.58 kB[22m[1m[22m[2m │ gzip:     6.06 kB[22m
[2m../../../../../private/var/folders/sv/t9qj9z797zv8rvjlh9gqk9140000gn/T/chromatic--75568-XNOCkeUamr2b/[22m[2massets/[22m[36msurrealql-Bq5Q-fJD.js                             [39m[1m[2m   22.58 kB[22m[1m[22m[2m │ gzip:     4.32 kB[22m
[2m../../../../../private/var/folders/sv/t9qj9z797zv8rvjlh9gqk9140000gn/T/chromatic--75568-XNOCkeUamr2b/[22m[2massets/[22m[36mSurveysView.stories-pltX4bY3.js                   [39m[1m[2m   22.59 kB[22m[1m[22m[2m │ gzip:     6.45 kB[22m
[2m../../../../../private/var/folders/sv/t9qj9z797zv8rvjlh9gqk9140000gn/T/chromatic--75568-XNOCkeUamr2b/[22m[2massets/[22m[36mgruvbox-dark-hard-CFHQjOhq.js                     [39m[1m[2m   22.63 kB[22m[1m[22m[2m │ gzip:     4.18 kB[22m
[2m../../../../../private/var/folders/sv/t9qj9z797zv8rvjlh9gqk9140000gn/T/chromatic--75568-XNOCkeUamr2b/[22m[2massets/[22m[36mgruvbox-dark-soft-CVdnzihN.js                     [39m[1m[2m   22.63 kB[22m[1m[22m[2m │ gzip:     4.17 kB[22m
[2m../../../../../private/var/folders/sv/t9qj9z797zv8rvjlh9gqk9140000gn/T/chromatic--75568-XNOCkeUamr2b/[22m[2massets/[22m[36mgruvbox-light-hard-CH1njM8p.js                    [39m[1m[2m   22.64 kB[22m[1m[22m[2m │ gzip:     4.18 kB[22m
[2m../../../../../private/var/folders/sv/t9qj9z797zv8rvjlh9gqk9140000gn/T/chromatic--75568-XNOCkeUamr2b/[22m[2massets/[22m[36mgruvbox-light-soft-hJgmCMqR.js                    [39m[1m[2m   22.64 kB[22m[1m[22m[2m │ gzip:     4.18 kB[22m
[2m../../../../../private/var/folders/sv/t9qj9z797zv8rvjlh9gqk9140000gn/T/chromatic--75568-XNOCkeUamr2b/[22m[2massets/[22m[36mgruvbox-dark-medium-GsRaNv29.js                   [39m[1m[2m   22.64 kB[22m[1m[22m[2m │ gzip:     4.18 kB[22m
[2m../../../../../private/var/folders/sv/t9qj9z797zv8rvjlh9gqk9140000gn/T/chromatic--75568-XNOCkeUamr2b/[22m[2massets/[22m[36mgruvbox-light-medium-DRw_LuNl.js                  [39m[1m[2m   22.64 kB[22m[1m[22m[2m │ gzip:     4.18 kB[22m
[2m../../../../../private/var/folders/sv/t9qj9z797zv8rvjlh9gqk9140000gn/T/chromatic--75568-XNOCkeUamr2b/[22m[2massets/[22m[36mbird2-BIv1doCn.js                                 [39m[1m[2m   22.94 kB[22m[1m[22m[2m │ gzip:     4.65 kB[22m
[2m../../../../../private/var/folders/sv/t9qj9z797zv8rvjlh9gqk9140000gn/T/chromatic--75568-XNOCkeUamr2b/[22m[2massets/[22m[36msql-BLtJtn59.js                                   [39m[1m[2m   23.41 kB[22m[1m[22m[2m │ gzip:     7.40 kB[22m
[2m../../../../../private/var/folders/sv/t9qj9z797zv8rvjlh9gqk9140000gn/T/chromatic--75568-XNOCkeUamr2b/[22m[2massets/[22m[36mselect.v1-ZY6LzlmS.js                             [39m[1m[2m   23.66 kB[22m[1m[22m[2m │ gzip:     7.97 kB[22m
[2m../../../../../private/var/folders/sv/t9qj9z797zv8rvjlh9gqk9140000gn/T/chromatic--75568-XNOCkeUamr2b/[22m[2massets/[22m[36mcadence-Bv_4Rxtq.js                               [39m[1m[2m   23.67 kB[22m[1m[22m[2m │ gzip:     3.67 kB[22m
[2m../../../../../private/var/folders/sv/t9qj9z797zv8rvjlh9gqk9140000gn/T/chromatic--75568-XNOCkeUamr2b/[22m[2massets/[22m[36mastro-HNnZUWAn.js                                 [39m[1m[2m   24.01 kB[22m[1m[22m[2m │ gzip:     7.55 kB[22m
[2m../../../../../private/var/folders/sv/t9qj9z797zv8rvjlh9gqk9140000gn/T/chromatic--75568-XNOCkeUamr2b/[22m[2massets/[22m[36mapl-CORt7UWP.js                                   [39m[1m[2m   24.04 kB[22m[1m[22m[2m │ gzip:     4.20 kB[22m
[2m../../../../../private/var/folders/sv/t9qj9z797zv8rvjlh9gqk9140000gn/T/chromatic--75568-XNOCkeUamr2b/[22m[2massets/[22m[36mNavigationMenu.stories-BKN6DkRz.js                [39m[1m[2m   24.06 kB[22m[1m[22m[2m │ gzip:     7.04 kB[22m
[2m../../../../../private/var/folders/sv/t9qj9z797zv8rvjlh9gqk9140000gn/T/chromatic--75568-XNOCkeUamr2b/[22m[2massets/[22m[36mtempl-DhtptRzy.js                                 [39m[1m[2m   24.06 kB[22m[1m[22m[2m │ gzip:     5.40 kB[22m
[2m../../../../../private/var/folders/sv/t9qj9z797zv8rvjlh9gqk9140000gn/T/chromatic--75568-XNOCkeUamr2b/[22m[2massets/[22m[36mvhdl-CeAyd5Ju.js                                  [39m[1m[2m   24.26 kB[22m[1m[22m[2m │ gzip:     3.87 kB[22m
[2m../../../../../private/var/folders/sv/t9qj9z797zv8rvjlh9gqk9140000gn/T/chromatic--75568-XNOCkeUamr2b/[22m[2massets/[22m[36mangular-html-DA-rfuFy.js                          [39m[1m[2m   24.29 kB[22m[1m[22m[2m │ gzip:     4.01 kB[22m
[2m../../../../../private/var/folders/sv/t9qj9z797zv8rvjlh9gqk9140000gn/T/chromatic--75568-XNOCkeUamr2b/[22m[2massets/[22m[36mCommand.stories-pvodsMZX.js                       [39m[1m[2m   24.41 kB[22m[1m[22m[2m │ gzip:     7.54 kB[22m
[2m../../../../../private/var/folders/sv/t9qj9z797zv8rvjlh9gqk9140000gn/T/chromatic--75568-XNOCkeUamr2b/[22m[2massets/[22m[36mScheduledDeliveriesView.stories-CDgjXSyx.js       [39m[1m[2m   24.44 kB[22m[1m[22m[2m │ gzip:     6.54 kB[22m
[2m../../../../../private/var/folders/sv/t9qj9z797zv8rvjlh9gqk9140000gn/T/chromatic--75568-XNOCkeUamr2b/[22m[2massets/[22m[36mTicketingView.stories-B0hzdd9g.js                 [39m[1m[2m   24.45 kB[22m[1m[22m[2m │ gzip:     7.87 kB[22m
[2m../../../../../private/var/folders/sv/t9qj9z797zv8rvjlh9gqk9140000gn/T/chromatic--75568-XNOCkeUamr2b/[22m[2massets/[22m[36mvue-D2xRrEX4.js                                   [39m[1m[2m   24.48 kB[22m[1m[22m[2m │ gzip:     2.97 kB[22m
[2m../../../../../private/var/folders/sv/t9qj9z797zv8rvjlh9gqk9140000gn/T/chromatic--75568-XNOCkeUamr2b/[22m[2massets/[22m[36mBarChart-Cf3DjMVV.js                              [39m[1m[2m   24.61 kB[22m[1m[22m[2m │ gzip:     6.39 kB[22m
[2m../../../../../private/var/folders/sv/t9qj9z797zv8rvjlh9gqk9140000gn/T/chromatic--75568-XNOCkeUamr2b/[22m[2massets/[22m[36mpurescript-CklMAg4u.js                            [39m[1m[2m   24.69 kB[22m[1m[22m[2m │ gzip:     3.25 kB[22m
[2m../../../../../private/var/folders/sv/t9qj9z797zv8rvjlh9gqk9140000gn/T/chromatic--75568-XNOCkeUamr2b/[22m[2massets/[22m[36mbundle-mjs-CJM1tISp.js                            [39m[1m[2m   24.84 kB[22m[1m[22m[2m │ gzip:     7.92 kB[22m
[2m../../../../../private/var/folders/sv/t9qj9z797zv8rvjlh9gqk9140000gn/T/chromatic--75568-XNOCkeUamr2b/[22m[2massets/[22m[36mtypespec-CAFt9gP4.js                              [39m[1m[2m   25.05 kB[22m[1m[22m[2m │ gzip:     2.63 kB[22m
[2m../../../../../private/var/folders/sv/t9qj9z797zv8rvjlh9gqk9140000gn/T/chromatic--75568-XNOCkeUamr2b/[22m[2massets/[22m[36mone-light-C3Wv6jpd.js                             [39m[1m[2m   25.30 kB[22m[1m[22m[2m │ gzip:     3.67 kB[22m
[2m../../../../../private/var/folders/sv/t9qj9z797zv8rvjlh9gqk9140000gn/T/chromatic--75568-XNOCkeUamr2b/[22m[2massets/[22m[36mfsharp-CXgrBDvD.js                                [39m[1m[2m   25.31 kB[22m[1m[22m[2m │ gzip:     4.13 kB[22m
[2m../../../../../private/var/folders/sv/t9qj9z797zv8rvjlh9gqk9140000gn/T/chromatic--75568-XNOCkeUamr2b/[22m[2massets/[22m[36mmarko-DjSrsDqO.js                                 [39m[1m[2m   25.48 kB[22m[1m[22m[2m │ gzip:     3.59 kB[22m
[2m../../../../../private/var/folders/sv/t9qj9z797zv8rvjlh9gqk9140000gn/T/chromatic--75568-XNOCkeUamr2b/[22m[2massets/[22m[36mc3-eo99z4R2.js                                    [39m[1m[2m   25.63 kB[22m[1m[22m[2m │ gzip:     3.87 kB[22m
[2m../../../../../private/var/folders/sv/t9qj9z797zv8rvjlh9gqk9140000gn/T/chromatic--75568-XNOCkeUamr2b/[22m[2massets/[22m[36mnight-owl-light-CMTm3GFP.js                       [39m[1m[2m   25.90 kB[22m[1m[22m[2m │ gzip:     4.26 kB[22m
[2m../../../../../private/var/folders/sv/t9qj9z797zv8rvjlh9gqk9140000gn/T/chromatic--75568-XNOCkeUamr2b/[22m[2massets/[22m[36mCampaignsView.stories-DfwVd6ge.js                 [39m[1m[2m   26.09 kB[22m[1m[22m[2m │ gzip:     6.68 kB[22m
[2m../../../../../private/var/folders/sv/t9qj9z797zv8rvjlh9gqk9140000gn/T/chromatic--75568-XNOCkeUamr2b/[22m[2massets/[22m[36mPieChart-DAJ2-Ox0.js                              [39m[1m[2m   26.12 kB[22m[1m[22m[2m │ gzip:     7.10 kB[22m
[2m../../../../../private/var/folders/sv/t9qj9z797zv8rvjlh9gqk9140000gn/T/chromatic--75568-XNOCkeUamr2b/[22m[2massets/[22m[36msystem-verilog-CnnmHF94.js                        [39m[1m[2m   26.20 kB[22m[1m[22m[2m │ gzip:     4.85 kB[22m
[2m../../../../../private/var/folders/sv/t9qj9z797zv8rvjlh9gqk9140000gn/T/chromatic--75568-XNOCkeUamr2b/[22m[2massets/[22m[36mAppointmentsView.stories--MYSo0ST.js              [39m[1m[2m   26.54 kB[22m[1m[22m[2m │ gzip:     7.04 kB[22m
[2m../../../../../private/var/folders/sv/t9qj9z797zv8rvjlh9gqk9140000gn/T/chromatic--75568-XNOCkeUamr2b/[22m[2massets/[22m[36mnord-Ddv68eIx.js                                  [39m[1m[2m   26.72 kB[22m[1m[22m[2m │ gzip:     4.40 kB[22m
[2m../../../../../private/var/folders/sv/t9qj9z797zv8rvjlh9gqk9140000gn/T/chromatic--75568-XNOCkeUamr2b/[22m[2massets/[22m[36mcodeql-DsOJ9woJ.js                                [39m[1m[2m   26.88 kB[22m[1m[22m[2m │ gzip:     3.79 kB[22m
[2m../../../../../private/var/folders/sv/t9qj9z797zv8rvjlh9gqk9140000gn/T/chromatic--75568-XNOCkeUamr2b/[22m[2massets/[22m[36mscss-D5BDwBP9.js                                  [39m[1m[2m   27.20 kB[22m[1m[22m[2m │ gzip:     4.20 kB[22m
[2m../../../../../private/var/folders/sv/t9qj9z797zv8rvjlh9gqk9140000gn/T/chromatic--75568-XNOCkeUamr2b/[22m[2massets/[22m[36mjava-CylS5w8V.js                                  [39m[1m[2m   27.22 kB[22m[1m[22m[2m │ gzip:     4.26 kB[22m
[2m../../../../../private/var/folders/sv/t9qj9z797zv8rvjlh9gqk9140000gn/T/chromatic--75568-XNOCkeUamr2b/[22m[2massets/[22m[36mindex-BZAIoMoV.js                                 [39m[1m[2m   27.36 kB[22m[1m[22m[2m │ gzip:    10.53 kB[22m
[2m../../../../../private/var/folders/sv/t9qj9z797zv8rvjlh9gqk9140000gn/T/chromatic--75568-XNOCkeUamr2b/[22m[2massets/[22m[36mcoffee-Ch7k5sss.js                                [39m[1m[2m   27.42 kB[22m[1m[22m[2m │ gzip:     6.35 kB[22m
[2m../../../../../private/var/folders/sv/t9qj9z797zv8rvjlh9gqk9140000gn/T/chromatic--75568-XNOCkeUamr2b/[22m[2massets/[22m[36mrazor-BDqjjVU7.js                                 [39m[1m[2m   27.51 kB[22m[1m[22m[2m │ gzip:     3.57 kB[22m
[2m../../../../../private/var/folders/sv/t9qj9z797zv8rvjlh9gqk9140000gn/T/chromatic--75568-XNOCkeUamr2b/[22m[2massets/[22m[36mMicrocopyPatterns.stories-CN2UCdi5.js             [39m[1m[2m   27.56 kB[22m[1m[22m[2m │ gzip:     6.39 kB[22m
[2m../../../../../private/var/folders/sv/t9qj9z797zv8rvjlh9gqk9140000gn/T/chromatic--75568-XNOCkeUamr2b/[22m[2massets/[22m[36mscala-C151Ov-r.js                                 [39m[1m[2m   28.88 kB[22m[1m[22m[2m │ gzip:     3.94 kB[22m
[2m../../../../../private/var/folders/sv/t9qj9z797zv8rvjlh9gqk9140000gn/T/chromatic--75568-XNOCkeUamr2b/[22m[2massets/[22m[36mnight-owl-C39BiMTA.js                             [39m[1m[2m   28.91 kB[22m[1m[22m[2m │ gzip:     5.16 kB[22m
[2m../../../../../private/var/folders/sv/t9qj9z797zv8rvjlh9gqk9140000gn/T/chromatic--75568-XNOCkeUamr2b/[22m[2massets/[22m[36mCarousel.stories-D0v7k2MT.js                      [39m[1m[2m   29.32 kB[22m[1m[22m[2m │ gzip:    10.81 kB[22m
[2m../../../../../private/var/folders/sv/t9qj9z797zv8rvjlh9gqk9140000gn/T/chromatic--75568-XNOCkeUamr2b/[22m[2massets/[22m[36mColor-YHDXOIA2-CNydqUPS.js                        [39m[1m[2m   29.35 kB[22m[1m[22m[2m │ gzip:    11.04 kB[22m
[2m../../../../../private/var/folders/sv/t9qj9z797zv8rvjlh9gqk9140000gn/T/chromatic--75568-XNOCkeUamr2b/[22m[2massets/[22m[36mcrystal-DNxU26gB.js                               [39m[1m[2m   29.39 kB[22m[1m[22m[2m │ gzip:     4.45 kB[22m
[2m../../../../../private/var/folders/sv/t9qj9z797zv8rvjlh9gqk9140000gn/T/chromatic--75568-XNOCkeUamr2b/[22m[2massets/[22m[36mmermaid-mWjccvbQ.js                               [39m[1m[2m   29.51 kB[22m[1m[22m[2m │ gzip:     3.66 kB[22m
[2m../../../../../private/var/folders/sv/t9qj9z797zv8rvjlh9gqk9140000gn/T/chromatic--75568-XNOCkeUamr2b/[22m[2massets/[22m[36mapplescript-Co6uUVPk.js                           [39m[1m[2m   29.57 kB[22m[1m[22m[2m │ gzip:     5.93 kB[22m
[2m../../../../../private/var/folders/sv/t9qj9z797zv8rvjlh9gqk9140000gn/T/chromatic--75568-XNOCkeUamr2b/[22m[2massets/[22m[36mentry-preview-DD3k4TcB.js                         [39m[1m[2m   29.82 kB[22m[1m[22m[2m │ gzip:     9.53 kB[22m
[2m../../../../../private/var/folders/sv/t9qj9z797zv8rvjlh9gqk9140000gn/T/chromatic--75568-XNOCkeUamr2b/[22m[2massets/[22m[36mReviewsView.stories-Ck1sEQcD.js                   [39m[1m[2m   30.55 kB[22m[1m[22m[2m │ gzip:    11.76 kB[22m
[2m../../../../../private/var/folders/sv/t9qj9z797zv8rvjlh9gqk9140000gn/T/chromatic--75568-XNOCkeUamr2b/[22m[2massets/[22m[36mSidebar.stories-Cda-azIm.js                       [39m[1m[2m   30.99 kB[22m[1m[22m[2m │ gzip:     8.23 kB[22m
[2m../../../../../private/var/folders/sv/t9qj9z797zv8rvjlh9gqk9140000gn/T/chromatic--75568-XNOCkeUamr2b/[22m[2massets/[22m[36mjulia-CxzCAyBv.js                                 [39m[1m[2m   31.07 kB[22m[1m[22m[2m │ gzip:     4.33 kB[22m
[2m../../../../../private/var/folders/sv/t9qj9z797zv8rvjlh9gqk9140000gn/T/chromatic--75568-XNOCkeUamr2b/[22m[2massets/[22m[36mstylus-BEDo0Tqx.js                                [39m[1m[2m   31.07 kB[22m[1m[22m[2m │ gzip:     7.99 kB[22m
[2m../../../../../private/var/folders/sv/t9qj9z797zv8rvjlh9gqk9140000gn/T/chromatic--75568-XNOCkeUamr2b/[22m[2massets/[22m[36mTypography.stories-CbyDWyew.js                    [39m[1m[2m   32.11 kB[22m[1m[22m[2m │ gzip:     5.60 kB[22m
[2m../../../../../private/var/folders/sv/t9qj9z797zv8rvjlh9gqk9140000gn/T/chromatic--75568-XNOCkeUamr2b/[22m[2massets/[22m[36mForm.stories-tk88tmzB.js                          [39m[1m[2m   32.60 kB[22m[1m[22m[2m │ gzip:    11.58 kB[22m
[2m../../../../../private/var/folders/sv/t9qj9z797zv8rvjlh9gqk9140000gn/T/chromatic--75568-XNOCkeUamr2b/[22m[2massets/[22m[36mpoimandres-CS3Unz2-.js                            [39m[1m[2m   33.49 kB[22m[1m[22m[2m │ gzip:     5.50 kB[22m
[2m../../../../../private/var/folders/sv/t9qj9z797zv8rvjlh9gqk9140000gn/T/chromatic--75568-XNOCkeUamr2b/[22m[2massets/[22m[36mResizable.stories-fOfXyDfY.js                     [39m[1m[2m   33.52 kB[22m[1m[22m[2m │ gzip:    10.62 kB[22m
[2m../../../../../private/var/folders/sv/t9qj9z797zv8rvjlh9gqk9140000gn/T/chromatic--75568-XNOCkeUamr2b/[22m[2massets/[22m[36mindex-B83cp1Km.js                                 [39m[1m[2m   33.76 kB[22m[1m[22m[2m │ gzip:     9.52 kB[22m
[2m../../../../../private/var/folders/sv/t9qj9z797zv8rvjlh9gqk9140000gn/T/chromatic--75568-XNOCkeUamr2b/[22m[2massets/[22m[36mone-dark-pro-DVMEJ2y_.js                          [39m[1m[2m   33.79 kB[22m[1m[22m[2m │ gzip:     5.52 kB[22m
[2m../../../../../private/var/folders/sv/t9qj9z797zv8rvjlh9gqk9140000gn/T/chromatic--75568-XNOCkeUamr2b/[22m[2massets/[22m[36mbsl-BO_Y6i37.js                                   [39m[1m[2m   33.87 kB[22m[1m[22m[2m │ gzip:     8.35 kB[22m
[2m../../../../../private/var/folders/sv/t9qj9z797zv8rvjlh9gqk9140000gn/T/chromatic--75568-XNOCkeUamr2b/[22m[2massets/[22m[36mMynaChat.stories-DtvhhkD8.js                      [39m[1m[2m   33.99 kB[22m[1m[22m[2m │ gzip:    10.29 kB[22m
[2m../../../../../private/var/folders/sv/t9qj9z797zv8rvjlh9gqk9140000gn/T/chromatic--75568-XNOCkeUamr2b/[22m[2massets/[22m[36mhaxe-CzTSHFRz.js                                  [39m[1m[2m   35.16 kB[22m[1m[22m[2m │ gzip:     5.91 kB[22m
[2m../../../../../private/var/folders/sv/t9qj9z797zv8rvjlh9gqk9140000gn/T/chromatic--75568-XNOCkeUamr2b/[22m[2massets/[22m[36mnginx-BpAMiNFr.js                                 [39m[1m[2m   35.37 kB[22m[1m[22m[2m │ gzip:     4.43 kB[22m
[2m../../../../../private/var/folders/sv/t9qj9z797zv8rvjlh9gqk9140000gn/T/chromatic--75568-XNOCkeUamr2b/[22m[2massets/[22m[36mhouston-DnULxvSX.js                               [39m[1m[2m   35.42 kB[22m[1m[22m[2m │ gzip:     5.78 kB[22m
[2m../../../../../private/var/folders/sv/t9qj9z797zv8rvjlh9gqk9140000gn/T/chromatic--75568-XNOCkeUamr2b/[22m[2massets/[22m[36mtokyo-night-hegEt444.js                           [39m[1m[2m   35.67 kB[22m[1m[22m[2m │ gzip:     6.24 kB[22m
[2m../../../../../private/var/folders/sv/t9qj9z797zv8rvjlh9gqk9140000gn/T/chromatic--75568-XNOCkeUamr2b/[22m[2massets/[22m[36merlang-DsQrWhSR.js                                [39m[1m[2m   37.48 kB[22m[1m[22m[2m │ gzip:     4.40 kB[22m
[2m../../../../../private/var/folders/sv/t9qj9z797zv8rvjlh9gqk9140000gn/T/chromatic--75568-XNOCkeUamr2b/[22m[2massets/[22m[36mDesignTokens.stories-BOdoJCfR.js                  [39m[1m[2m   37.85 kB[22m[1m[22m[2m │ gzip:     5.86 kB[22m
[2m../../../../../private/var/folders/sv/t9qj9z797zv8rvjlh9gqk9140000gn/T/chromatic--75568-XNOCkeUamr2b/[22m[2massets/[22m[36mSharedByMe.stories-BBN9JQbf.js                    [39m[1m[2m   38.35 kB[22m[1m[22m[2m │ gzip:    10.15 kB[22m
[2m../../../../../private/var/folders/sv/t9qj9z797zv8rvjlh9gqk9140000gn/T/chromatic--75568-XNOCkeUamr2b/[22m[2massets/[22m[36mcobol-nBiQ_Alo.js                                 [39m[1m[2m   39.13 kB[22m[1m[22m[2m │ gzip:    10.86 kB[22m
[2m../../../../../private/var/folders/sv/t9qj9z797zv8rvjlh9gqk9140000gn/T/chromatic--75568-XNOCkeUamr2b/[22m[2massets/[22m[36masm-D_Q5rh1f.js                                   [39m[1m[2m   40.72 kB[22m[1m[22m[2m │ gzip:     8.21 kB[22m
[2m../../../../../private/var/folders/sv/t9qj9z797zv8rvjlh9gqk9140000gn/T/chromatic--75568-XNOCkeUamr2b/[22m[2massets/[22m[36mSidebar.v2-DfVdrEkT.js                            [39m[1m[2m   40.87 kB[22m[1m[22m[2m │ gzip:     9.05 kB[22m
[2m../../../../../private/var/folders/sv/t9qj9z797zv8rvjlh9gqk9140000gn/T/chromatic--75568-XNOCkeUamr2b/[22m[2massets/[22m[36mDrawer.stories-Bp7_2FaS.js                        [39m[1m[2m   41.06 kB[22m[1m[22m[2m │ gzip:    11.47 kB[22m
[2m../../../../../private/var/folders/sv/t9qj9z797zv8rvjlh9gqk9140000gn/T/chromatic--75568-XNOCkeUamr2b/[22m[2massets/[22m[36mshellscript-Yzrsuije.js                           [39m[1m[2m   41.48 kB[22m[1m[22m[2m │ gzip:     6.09 kB[22m
[2m../../../../../private/var/folders/sv/t9qj9z797zv8rvjlh9gqk9140000gn/T/chromatic--75568-XNOCkeUamr2b/[22m[2massets/[22m[36mhaskell-Df6bDoY_.js                               [39m[1m[2m   41.49 kB[22m[1m[22m[2m │ gzip:     6.44 kB[22m
[2m../../../../../private/var/folders/sv/t9qj9z797zv8rvjlh9gqk9140000gn/T/chromatic--75568-XNOCkeUamr2b/[22m[2massets/[22m[36mperl-NvoQZIq0.js                                  [39m[1m[2m   43.16 kB[22m[1m[22m[2m │ gzip:     4.67 kB[22m
[2m../../../../../private/var/folders/sv/t9qj9z797zv8rvjlh9gqk9140000gn/T/chromatic--75568-XNOCkeUamr2b/[22m[2massets/[22m[36md-85-TOEBH.js                                     [39m[1m[2m   43.80 kB[22m[1m[22m[2m │ gzip:     8.47 kB[22m
[2m../../../../../private/var/folders/sv/t9qj9z797zv8rvjlh9gqk9140000gn/T/chromatic--75568-XNOCkeUamr2b/[22m[2massets/[22m[36mAgentsView.stories-CG27F0Xq.js                    [39m[1m[2m   45.81 kB[22m[1m[22m[2m │ gzip:    10.18 kB[22m
[2m../../../../../private/var/folders/sv/t9qj9z797zv8rvjlh9gqk9140000gn/T/chromatic--75568-XNOCkeUamr2b/[22m[2massets/[22m[36mruby-Wjq7vjNf.js                                  [39m[1m[2m   46.72 kB[22m[1m[22m[2m │ gzip:     5.83 kB[22m
[2m../../../../../private/var/folders/sv/t9qj9z797zv8rvjlh9gqk9140000gn/T/chromatic--75568-XNOCkeUamr2b/[22m[2massets/[22m[36mgo-C27-OAKa.js                                    [39m[1m[2m   46.82 kB[22m[1m[22m[2m │ gzip:     5.18 kB[22m
[2m../../../../../private/var/folders/sv/t9qj9z797zv8rvjlh9gqk9140000gn/T/chromatic--75568-XNOCkeUamr2b/[22m[2massets/[22m[36mapex-D8_7TLub.js                                  [39m[1m[2m   46.99 kB[22m[1m[22m[2m │ gzip:     6.77 kB[22m
[2m../../../../../private/var/folders/sv/t9qj9z797zv8rvjlh9gqk9140000gn/T/chromatic--75568-XNOCkeUamr2b/[22m[2massets/[22m[36mcatppuccin-mocha-D87Tk5Gz.js                      [39m[1m[2m   47.26 kB[22m[1m[22m[2m │ gzip:     8.00 kB[22m
[2m../../../../../private/var/folders/sv/t9qj9z797zv8rvjlh9gqk9140000gn/T/chromatic--75568-XNOCkeUamr2b/[22m[2massets/[22m[36mcatppuccin-latte-C9dUb6Cb.js                      [39m[1m[2m   47.26 kB[22m[1m[22m[2m │ gzip:     8.00 kB[22m
[2m../../../../../private/var/folders/sv/t9qj9z797zv8rvjlh9gqk9140000gn/T/chromatic--75568-XNOCkeUamr2b/[22m[2massets/[22m[36mcatppuccin-frappe-DFWUc33u.js                     [39m[1m[2m   47.26 kB[22m[1m[22m[2m │ gzip:     8.02 kB[22m
[2m../../../../../private/var/folders/sv/t9qj9z797zv8rvjlh9gqk9140000gn/T/chromatic--75568-XNOCkeUamr2b/[22m[2massets/[22m[36mcatppuccin-macchiato-DQyhUUbL.js                  [39m[1m[2m   47.26 kB[22m[1m[22m[2m │ gzip:     8.01 kB[22m
[2m../../../../../private/var/folders/sv/t9qj9z797zv8rvjlh9gqk9140000gn/T/chromatic--75568-XNOCkeUamr2b/[22m[2massets/[22m[36mada-bCR0ucgS.js                                   [39m[1m[2m   48.08 kB[22m[1m[22m[2m │ gzip:     6.03 kB[22m
[2m../../../../../private/var/folders/sv/t9qj9z797zv8rvjlh9gqk9140000gn/T/chromatic--75568-XNOCkeUamr2b/[22m[2massets/[22m[36mcss-CLj8gQPS.js                                   [39m[1m[2m   49.04 kB[22m[1m[22m[2m │ gzip:    11.86 kB[22m
[2m../../../../../private/var/folders/sv/t9qj9z797zv8rvjlh9gqk9140000gn/T/chromatic--75568-XNOCkeUamr2b/[22m[2massets/[22m[36mimba-DGztddWO.js                                  [39m[1m[2m   49.93 kB[22m[1m[22m[2m │ gzip:     9.46 kB[22m
[2m../../../../../private/var/folders/sv/t9qj9z797zv8rvjlh9gqk9140000gn/T/chromatic--75568-XNOCkeUamr2b/[22m[2massets/[22m[36mCallRecordingPlayer.stories-CU_W-_L8.js           [39m[1m[2m   51.86 kB[22m[1m[22m[2m │ gzip:    17.14 kB[22m
[2m../../../../../private/var/folders/sv/t9qj9z797zv8rvjlh9gqk9140000gn/T/chromatic--75568-XNOCkeUamr2b/[22m[2massets/[22m[36meverforest-dark-BgDCqdQA.js                       [39m[1m[2m   53.75 kB[22m[1m[22m[2m │ gzip:     8.42 kB[22m
[2m../../../../../private/var/folders/sv/t9qj9z797zv8rvjlh9gqk9140000gn/T/chromatic--75568-XNOCkeUamr2b/[22m[2massets/[22m[36meverforest-light-C8M2exoo.js                      [39m[1m[2m   53.75 kB[22m[1m[22m[2m │ gzip:     8.42 kB[22m
[2m../../../../../private/var/folders/sv/t9qj9z797zv8rvjlh9gqk9140000gn/T/chromatic--75568-XNOCkeUamr2b/[22m[2massets/[22m[36mwikitext-BhOHFoWU.js                              [39m[1m[2m   55.89 kB[22m[1m[22m[2m │ gzip:     4.76 kB[22m
[2m../../../../../private/var/folders/sv/t9qj9z797zv8rvjlh9gqk9140000gn/T/chromatic--75568-XNOCkeUamr2b/[22m[2massets/[22m[36mstata-BH5u7GGu.js                                 [39m[1m[2m   56.99 kB[22m[1m[22m[2m │ gzip:    12.36 kB[22m
[2m../../../../../private/var/folders/sv/t9qj9z797zv8rvjlh9gqk9140000gn/T/chromatic--75568-XNOCkeUamr2b/[22m[2massets/[22m[36mindex-DgH-xKnr.js                                 [39m[1m[2m   57.15 kB[22m[1m[22m[2m │ gzip:    16.28 kB[22m
[2m../../../../../private/var/folders/sv/t9qj9z797zv8rvjlh9gqk9140000gn/T/chromatic--75568-XNOCkeUamr2b/[22m[2massets/[22m[36mhtml-pp8916En.js                                  [39m[1m[2m   57.25 kB[22m[1m[22m[2m │ gzip:    11.69 kB[22m
[2m../../../../../private/var/folders/sv/t9qj9z797zv8rvjlh9gqk9140000gn/T/chromatic--75568-XNOCkeUamr2b/[22m[2massets/[22m[36mUsers.es-B5_okO6Y.js                              [39m[1m[2m   58.08 kB[22m[1m[22m[2m │ gzip:    14.56 kB[22m
[2m../../../../../private/var/folders/sv/t9qj9z797zv8rvjlh9gqk9140000gn/T/chromatic--75568-XNOCkeUamr2b/[22m[2massets/[22m[36mballerina-BFfxhgS-.js                             [39m[1m[2m   58.69 kB[22m[1m[22m[2m │ gzip:     8.15 kB[22m
[2m../../../../../private/var/folders/sv/t9qj9z797zv8rvjlh9gqk9140000gn/T/chromatic--75568-XNOCkeUamr2b/[22m[2massets/[22m[36mmarkdown-Cvjx9yec.js                              [39m[1m[2m   59.34 kB[22m[1m[22m[2m │ gzip:     5.64 kB[22m
[2m../../../../../private/var/folders/sv/t9qj9z797zv8rvjlh9gqk9140000gn/T/chromatic--75568-XNOCkeUamr2b/[22m[2massets/[22m[36mCalendar.stories-CLhpQrSY.js                      [39m[1m[2m   59.91 kB[22m[1m[22m[2m │ gzip:    17.41 kB[22m
[2m../../../../../private/var/folders/sv/t9qj9z797zv8rvjlh9gqk9140000gn/T/chromatic--75568-XNOCkeUamr2b/[22m[2massets/[22m[36mocaml-C0hk2d4L.js                                 [39m[1m[2m   62.45 kB[22m[1m[22m[2m │ gzip:     5.02 kB[22m
[2m../../../../../private/var/folders/sv/t9qj9z797zv8rvjlh9gqk9140000gn/T/chromatic--75568-XNOCkeUamr2b/[22m[2massets/[22m[36mmojo-rZm6bMo-.js                                  [39m[1m[2m   69.80 kB[22m[1m[22m[2m │ gzip:     9.27 kB[22m
[2m../../../../../private/var/folders/sv/t9qj9z797zv8rvjlh9gqk9140000gn/T/chromatic--75568-XNOCkeUamr2b/[22m[2massets/[22m[36mpython-B6aJPvgy.js                                [39m[1m[2m   69.95 kB[22m[1m[22m[2m │ gzip:     9.13 kB[22m
[2m../../../../../private/var/folders/sv/t9qj9z797zv8rvjlh9gqk9140000gn/T/chromatic--75568-XNOCkeUamr2b/[22m[2massets/[22m[36mc-BIGW1oBm.js                                     [39m[1m[2m   72.11 kB[22m[1m[22m[2m │ gzip:    10.51 kB[22m
[2m../../../../../private/var/folders/sv/t9qj9z797zv8rvjlh9gqk9140000gn/T/chromatic--75568-XNOCkeUamr2b/[22m[2massets/[22m[36mlatex-CWtU0Tv5.js                                 [39m[1m[2m   72.64 kB[22m[1m[22m[2m │ gzip:     6.72 kB[22m
[2m../../../../../private/var/folders/sv/t9qj9z797zv8rvjlh9gqk9140000gn/T/chromatic--75568-XNOCkeUamr2b/[22m[2massets/[22m[36mvyper-CDx5xZoG.js                                 [39m[1m[2m   74.65 kB[22m[1m[22m[2m │ gzip:    10.74 kB[22m
[2m../../../../../private/var/folders/sv/t9qj9z797zv8rvjlh9gqk9140000gn/T/chromatic--75568-XNOCkeUamr2b/[22m[2massets/[22m[36mhack-i7_Ulhet.js                                  [39m[1m[2m   80.24 kB[22m[1m[22m[2m │ gzip:    26.21 kB[22m
[2m../../../../../private/var/folders/sv/t9qj9z797zv8rvjlh9gqk9140000gn/T/chromatic--75568-XNOCkeUamr2b/[22m[2massets/[22m[36mswift-D82vCrfD.js                                 [39m[1m[2m   86.69 kB[22m[1m[22m[2m │ gzip:    14.73 kB[22m
[2m../../../../../private/var/folders/sv/t9qj9z797zv8rvjlh9gqk9140000gn/T/chromatic--75568-XNOCkeUamr2b/[22m[2massets/[22m[36mfortran-free-form-BxgE0vQu.js                     [39m[1m[2m   88.97 kB[22m[1m[22m[2m │ gzip:    11.27 kB[22m
[2m../../../../../private/var/folders/sv/t9qj9z797zv8rvjlh9gqk9140000gn/T/chromatic--75568-XNOCkeUamr2b/[22m[2massets/[22m[36mcsharp-COcwbKMJ.js                                [39m[1m[2m   89.69 kB[22m[1m[22m[2m │ gzip:    10.69 kB[22m
[2m../../../../../private/var/folders/sv/t9qj9z797zv8rvjlh9gqk9140000gn/T/chromatic--75568-XNOCkeUamr2b/[22m[2massets/[22m[36mracket-BqYA7rlc.js                                [39m[1m[2m   92.39 kB[22m[1m[22m[2m │ gzip:    15.02 kB[22m
[2m../../../../../private/var/folders/sv/t9qj9z797zv8rvjlh9gqk9140000gn/T/chromatic--75568-XNOCkeUamr2b/[22m[2massets/[22m[36mless-B1dDrJ26.js                                  [39m[1m[2m   97.63 kB[22m[1m[22m[2m │ gzip:    14.70 kB[22m
[2m../../../../../private/var/folders/sv/t9qj9z797zv8rvjlh9gqk9140000gn/T/chromatic--75568-XNOCkeUamr2b/[22m[2massets/[22m[36mblade-BjGOyj-B.js                                 [39m[1m[2m  104.98 kB[22m[1m[22m[2m │ gzip:    28.20 kB[22m
[2m../../../../../private/var/folders/sv/t9qj9z797zv8rvjlh9gqk9140000gn/T/chromatic--75568-XNOCkeUamr2b/[22m[2massets/[22m[36mobjective-c-DXmwc3jG.js                           [39m[1m[2m  105.41 kB[22m[1m[22m[2m │ gzip:    23.33 kB[22m
[2m../../../../../private/var/folders/sv/t9qj9z797zv8rvjlh9gqk9140000gn/T/chromatic--75568-XNOCkeUamr2b/[22m[2massets/[22m[36mphp-R6g_5hLQ.js                                   [39m[1m[2m  111.32 kB[22m[1m[22m[2m │ gzip:    28.53 kB[22m
[2m../../../../../private/var/folders/sv/t9qj9z797zv8rvjlh9gqk9140000gn/T/chromatic--75568-XNOCkeUamr2b/[22m[2massets/[22m[36masciidoc-Ve4PFQV2.js                              [39m[1m[2m  131.53 kB[22m[1m[22m[2m │ gzip:     9.34 kB[22m
[2m../../../../../private/var/folders/sv/t9qj9z797zv8rvjlh9gqk9140000gn/T/chromatic--75568-XNOCkeUamr2b/[22m[2massets/[22m[36mindex-BLHw34Di.js                                 [39m[1m[2m  134.66 kB[22m[1m[22m[2m │ gzip:    43.22 kB[22m
[2m../../../../../private/var/folders/sv/t9qj9z797zv8rvjlh9gqk9140000gn/T/chromatic--75568-XNOCkeUamr2b/[22m[2massets/[22m[36mmdx-Cmh6b_Ma.js                                   [39m[1m[2m  136.11 kB[22m[1m[22m[2m │ gzip:    23.35 kB[22m
[2m../../../../../private/var/folders/sv/t9qj9z797zv8rvjlh9gqk9140000gn/T/chromatic--75568-XNOCkeUamr2b/[22m[2massets/[22m[36mLogin.stories-cmJZ-dzk.js                         [39m[1m[2m  157.82 kB[22m[1m[22m[2m │ gzip:    51.06 kB[22m
[2m../../../../../private/var/folders/sv/t9qj9z797zv8rvjlh9gqk9140000gn/T/chromatic--75568-XNOCkeUamr2b/[22m[2massets/[22m[36mobjective-cpp-CLxacb5B.js                         [39m[1m[2m  171.97 kB[22m[1m[22m[2m │ gzip:    30.62 kB[22m
[2m../../../../../private/var/folders/sv/t9qj9z797zv8rvjlh9gqk9140000gn/T/chromatic--75568-XNOCkeUamr2b/[22m[2massets/[22m[36mjavascript-wDzz0qaB.js                            [39m[1m[2m  174.83 kB[22m[1m[22m[2m │ gzip:    16.51 kB[22m
[2m../../../../../private/var/folders/sv/t9qj9z797zv8rvjlh9gqk9140000gn/T/chromatic--75568-XNOCkeUamr2b/[22m[2massets/[22m[36mtsx-COt5Ahok.js                                   [39m[1m[2m  175.54 kB[22m[1m[22m[2m │ gzip:    16.51 kB[22m
[2m../../../../../private/var/folders/sv/t9qj9z797zv8rvjlh9gqk9140000gn/T/chromatic--75568-XNOCkeUamr2b/[22m[2massets/[22m[36mjsx-g9-lgVsj.js                                   [39m[1m[2m  177.79 kB[22m[1m[22m[2m │ gzip:    16.61 kB[22m
[2m../../../../../private/var/folders/sv/t9qj9z797zv8rvjlh9gqk9140000gn/T/chromatic--75568-XNOCkeUamr2b/[22m[2massets/[22m[36mtypescript-BPQ3VLAy.js                            [39m[1m[2m  181.08 kB[22m[1m[22m[2m │ gzip:    16.04 kB[22m
[2m../../../../../private/var/folders/sv/t9qj9z797zv8rvjlh9gqk9140000gn/T/chromatic--75568-XNOCkeUamr2b/[22m[2massets/[22m[36mangular-ts-BrjP3tb8.js                            [39m[1m[2m  183.82 kB[22m[1m[22m[2m │ gzip:    16.63 kB[22m
[2m../../../../../private/var/folders/sv/t9qj9z797zv8rvjlh9gqk9140000gn/T/chromatic--75568-XNOCkeUamr2b/[22m[2massets/[22m[36mvue-vine-BoDAl6tE.js                              [39m[1m[2m  190.05 kB[22m[1m[22m[2m │ gzip:    17.99 kB[22m
[2m../../../../../private/var/folders/sv/t9qj9z797zv8rvjlh9gqk9140000gn/T/chromatic--75568-XNOCkeUamr2b/[22m[2massets/[22m[36mDashboard.stories-BdF0s7wg.js                     [39m[1m[2m  233.39 kB[22m[1m[22m[2m │ gzip:    57.02 kB[22m
[2m../../../../../private/var/folders/sv/t9qj9z797zv8rvjlh9gqk9140000gn/T/chromatic--75568-XNOCkeUamr2b/[22m[2massets/[22m[36miframe-CY2py3f0.js                                [39m[1m[2m  237.41 kB[22m[1m[22m[2m │ gzip:    79.27 kB[22m
[2m../../../../../private/var/folders/sv/t9qj9z797zv8rvjlh9gqk9140000gn/T/chromatic--75568-XNOCkeUamr2b/[22m[2massets/[22m[36mentry-preview-docs-DT8UPgCi.js                    [39m[1m[2m  247.11 kB[22m[1m[22m[2m │ gzip:    73.43 kB[22m
[2m../../../../../private/var/folders/sv/t9qj9z797zv8rvjlh9gqk9140000gn/T/chromatic--75568-XNOCkeUamr2b/[22m[2massets/[22m[36mwolfram-lXgVvXCa.js                               [39m[1m[2m  262.39 kB[22m[1m[22m[2m │ gzip:    77.14 kB[22m
[2m../../../../../private/var/folders/sv/t9qj9z797zv8rvjlh9gqk9140000gn/T/chromatic--75568-XNOCkeUamr2b/[22m[2massets/[22m[36mgenerateCategoricalChart-CUbmEWeL.js              [39m[1m[2m  359.96 kB[22m[1m[22m[2m │ gzip:   100.99 kB[22m
[2m../../../../../private/var/folders/sv/t9qj9z797zv8rvjlh9gqk9140000gn/T/chromatic--75568-XNOCkeUamr2b/[22m[2massets/[22m[36mmessage.v1-CZqvjwb6.js                            [39m[1m[2m  403.14 kB[22m[1m[22m[2m │ gzip:   124.03 kB[22m
[2m../../../../../private/var/folders/sv/t9qj9z797zv8rvjlh9gqk9140000gn/T/chromatic--75568-XNOCkeUamr2b/[22m[2massets/[22m[36mwasm-CG6Dc4jp.js                                  [39m[1m[33m  622.34 kB[39m[22m[2m │ gzip:   230.29 kB[22m
[2m../../../../../private/var/folders/sv/t9qj9z797zv8rvjlh9gqk9140000gn/T/chromatic--75568-XNOCkeUamr2b/[22m[2massets/[22m[36mcpp-CofmeUqb.js                                   [39m[1m[33m  626.08 kB[39m[22m[2m │ gzip:    44.82 kB[22m
[2m../../../../../private/var/folders/sv/t9qj9z797zv8rvjlh9gqk9140000gn/T/chromatic--75568-XNOCkeUamr2b/[22m[2massets/[22m[36mindex-Uu2tsCiu.js                                 [39m[1m[33m  662.36 kB[39m[22m[2m │ gzip:   156.75 kB[22m
[2m../../../../../private/var/folders/sv/t9qj9z797zv8rvjlh9gqk9140000gn/T/chromatic--75568-XNOCkeUamr2b/[22m[2massets/[22m[36memacs-lisp-CXvaQtF9.js                            [39m[1m[33m  779.88 kB[39m[22m[2m │ gzip:   196.05 kB[22m
[2m../../../../../private/var/folders/sv/t9qj9z797zv8rvjlh9gqk9140000gn/T/chromatic--75568-XNOCkeUamr2b/[22m[2massets/[22m[36mindex-CDrO-OEr.js                                 [39m[1m[33m  886.69 kB[39m[22m[2m │ gzip:   275.23 kB[22m
[2m../../../../../private/var/folders/sv/t9qj9z797zv8rvjlh9gqk9140000gn/T/chromatic--75568-XNOCkeUamr2b/[22m[2massets/[22m[36mIcons.stories-DQHl4TDf.js                         [39m[1m[33m4,989.43 kB[39m[22m[2m │ gzip: 1,045.84 kB[22m
[32m✓ built in 19.17s[39m
info => Preview built ([38;2;181;126;229m20 s[39m)
info => Output directory: /private/var/folders/sv/t9qj9z797zv8rvjlh9gqk9140000gn/T/chromatic--75568-XNOCkeUamr2b
